# name-base64	constant
MzAyNCAoYmFzZTE2KQ==	BUILTIN_3024_BASE16_COLOR_SCHEME_TOML
MzAyNCAoZGFyaykgKHRlcm1pbmFsLnNleHkp	BUILTIN_3024_DARK_TERMINAL_SEXY_COLOR_SCHEME_TOML
MzAyNCAobGlnaHQpICh0ZXJtaW5hbC5zZXh5KQ==	BUILTIN_3024_LIGHT_TERMINAL_SEXY_COLOR_SCHEME_TOML
MzAyNCBEYXk=	BUILTIN_3024_DAY_COLOR_SCHEME_TOML
MzAyNCBEYXkgKEdvZ2gp	BUILTIN_3024_DAY_GOGH_COLOR_SCHEME_TOML
MzAyNCBOaWdodA==	BUILTIN_3024_NIGHT_COLOR_SCHEME_TOML
MzAyNCBOaWdodCAoR29naCk=	BUILTIN_3024_NIGHT_GOGH_COLOR_SCHEME_TOML
MzAyNERheSAoR29naCk=	BUILTIN_3024_DAY_COLOR_SCHEME_TOML
MzAyNE5pZ2h0IChHb2doKQ==	BUILTIN_3024_NIGHT_COLOR_SCHEME_TOML
QWFyZHZhcmsgQmx1ZQ==	BUILTIN_AARDVARK_BLUE_COLOR_SCHEME_TOML
QWJlcm5hdGh5	BUILTIN_ABERNATHY_COLOR_SCHEME_TOML
QWNpIChHb2doKQ==	BUILTIN_ACI_GOGH_COLOR_SCHEME_TOML
QWNvIChHb2doKQ==	BUILTIN_ACO_GOGH_COLOR_SCHEME_TOML
QWR2ZW50dXJl	BUILTIN_ADVENTURE_COLOR_SCHEME_TOML
QWR2ZW50dXJlIFRpbWUgKEdvZ2gp	BUILTIN_ADVENTURE_TIME_COLOR_SCHEME_TOML
QWR2ZW50dXJlVGltZQ==	BUILTIN_ADVENTURE_TIME_COLOR_SCHEME_TOML
QWZ0ZXJnbG93	BUILTIN_AFTERGLOW_COLOR_SCHEME_TOML
QWZ0ZXJnbG93IChHb2doKQ==	BUILTIN_AFTERGLOW_GOGH_COLOR_SCHEME_TOML
QWxhYmFzdGVy	BUILTIN_ALABASTER_COLOR_SCHEME_TOML
QWxpZW4gQmxvb2QgKEdvZ2gp	BUILTIN_ALIENBLOOD_COLOR_SCHEME_TOML
QWxpZW5CbG9vZA==	BUILTIN_ALIENBLOOD_COLOR_SCHEME_TOML
QW5kcm9tZWRh	BUILTIN_ANDROMEDA_COLOR_SCHEME_TOML
QXBhdGh5IChiYXNlMTYp	BUILTIN_APATHY_BASE16_COLOR_SCHEME_TOML
QXBwbGUgQ2xhc3NpYw==	BUILTIN_APPLE_CLASSIC_COLOR_SCHEME_TOML
QXBwbGUgU3lzdGVtIENvbG9ycw==	BUILTIN_APPLE_SYSTEM_COLORS_COLOR_SCHEME_TOML
QXBwcmVudGljZSAoR29naCk=	BUILTIN_APPRENTICE_GOGH_COLOR_SCHEME_TOML
QXBwcmVudGljZSAoYmFzZTE2KQ==	BUILTIN_APPRENTICE_BASE16_COLOR_SCHEME_TOML
QXJnb25hdXQ=	BUILTIN_ARGONAUT_COLOR_SCHEME_TOML
QXJnb25hdXQgKEdvZ2gp	BUILTIN_ARGONAUT_GOGH_COLOR_SCHEME_TOML
QXJ0aHVy	BUILTIN_ARTHUR_COLOR_SCHEME_TOML
QXJ0aHVyIChHb2doKQ==	BUILTIN_ARTHUR_GOGH_COLOR_SCHEME_TOML
QXNoZXMgKGJhc2UxNik=	BUILTIN_ASHES_BASE16_COLOR_SCHEME_TOML
QXNoZXMgKGRhcmspICh0ZXJtaW5hbC5zZXh5KQ==	BUILTIN_ASHES_DARK_TERMINAL_SEXY_COLOR_SCHEME_TOML
QXNoZXMgKGxpZ2h0KSAodGVybWluYWwuc2V4eSk=	BUILTIN_ASHES_LIGHT_TERMINAL_SEXY_COLOR_SCHEME_TOML
QXN0cm9kYXJrIChHb2doKQ==	BUILTIN_ASTRODARK_GOGH_COLOR_SCHEME_TOML
QXRlbGllciBDYXZlIChiYXNlMTYp	BUILTIN_ATELIER_CAVE_BASE16_COLOR_SCHEME_TOML
QXRlbGllciBDYXZlIExpZ2h0IChiYXNlMTYp	BUILTIN_ATELIER_CAVE_LIGHT_BASE16_COLOR_SCHEME_TOML
QXRlbGllciBEdW5lIChiYXNlMTYp	BUILTIN_ATELIER_DUNE_BASE16_COLOR_SCHEME_TOML
QXRlbGllciBEdW5lIExpZ2h0IChiYXNlMTYp	BUILTIN_ATELIER_DUNE_LIGHT_BASE16_COLOR_SCHEME_TOML
QXRlbGllciBFc3R1YXJ5IChiYXNlMTYp	BUILTIN_ATELIER_ESTUARY_BASE16_COLOR_SCHEME_TOML
QXRlbGllciBFc3R1YXJ5IExpZ2h0IChiYXNlMTYp	BUILTIN_ATELIER_ESTUARY_LIGHT_BASE16_COLOR_SCHEME_TOML
QXRlbGllciBGb3Jlc3QgKGJhc2UxNik=	BUILTIN_ATELIER_FOREST_BASE16_COLOR_SCHEME_TOML
QXRlbGllciBGb3Jlc3QgTGlnaHQgKGJhc2UxNik=	BUILTIN_ATELIER_FOREST_LIGHT_BASE16_COLOR_SCHEME_TOML
QXRlbGllciBIZWF0aCAoYmFzZTE2KQ==	BUILTIN_ATELIER_HEATH_BASE16_COLOR_SCHEME_TOML
QXRlbGllciBIZWF0aCBMaWdodCAoYmFzZTE2KQ==	BUILTIN_ATELIER_HEATH_LIGHT_BASE16_COLOR_SCHEME_TOML
QXRlbGllciBMYWtlc2lkZSAoYmFzZTE2KQ==	BUILTIN_ATELIER_LAKESIDE_BASE16_COLOR_SCHEME_TOML
QXRlbGllciBMYWtlc2lkZSBMaWdodCAoYmFzZTE2KQ==	BUILTIN_ATELIER_LAKESIDE_LIGHT_BASE16_COLOR_SCHEME_TOML
QXRlbGllciBQbGF0ZWF1IChiYXNlMTYp	BUILTIN_ATELIER_PLATEAU_BASE16_COLOR_SCHEME_TOML
QXRlbGllciBQbGF0ZWF1IExpZ2h0IChiYXNlMTYp	BUILTIN_ATELIER_PLATEAU_LIGHT_BASE16_COLOR_SCHEME_TOML
QXRlbGllciBTYXZhbm5hIChiYXNlMTYp	BUILTIN_ATELIER_SAVANNA_BASE16_COLOR_SCHEME_TOML
QXRlbGllciBTYXZhbm5hIExpZ2h0IChiYXNlMTYp	BUILTIN_ATELIER_SAVANNA_LIGHT_BASE16_COLOR_SCHEME_TOML
QXRlbGllciBTZWFzaWRlIChiYXNlMTYp	BUILTIN_ATELIER_SEASIDE_BASE16_COLOR_SCHEME_TOML
QXRlbGllciBTZWFzaWRlIExpZ2h0IChiYXNlMTYp	BUILTIN_ATELIER_SEASIDE_LIGHT_BASE16_COLOR_SCHEME_TOML
QXRlbGllciBTdWxwaHVycG9vbCAoYmFzZTE2KQ==	BUILTIN_ATELIER_SULPHURPOOL_BASE16_COLOR_SCHEME_TOML
QXRlbGllciBTdWxwaHVycG9vbCBMaWdodCAoYmFzZTE2KQ==	BUILTIN_ATELIER_SULPHURPOOL_LIGHT_BASE16_COLOR_SCHEME_TOML
QXRlbGllclN1bHBodXJwb29s	BUILTIN_ATELIERSULPHURPOOL_COLOR_SCHEME_TOML
QXRlbGllcmR1bmUgKGRhcmspICh0ZXJtaW5hbC5zZXh5KQ==	BUILTIN_ATELIERDUNE_DARK_TERMINAL_SEXY_COLOR_SCHEME_TOML
QXRlbGllcmR1bmUgKGxpZ2h0KSAodGVybWluYWwuc2V4eSk=	BUILTIN_ATELIERDUNE_LIGHT_TERMINAL_SEXY_COLOR_SCHEME_TOML
QXRlbGllcmZvcmVzdCAoZGFyaykgKHRlcm1pbmFsLnNleHkp	BUILTIN_ATELIERFOREST_DARK_TERMINAL_SEXY_COLOR_SCHEME_TOML
QXRlbGllcmZvcmVzdCAobGlnaHQpICh0ZXJtaW5hbC5zZXh5KQ==	BUILTIN_ATELIERFOREST_LIGHT_TERMINAL_SEXY_COLOR_SCHEME_TOML
QXRlbGllcmhlYXRoIChkYXJrKSAodGVybWluYWwuc2V4eSk=	BUILTIN_ATELIERHEATH_DARK_TERMINAL_SEXY_COLOR_SCHEME_TOML
QXRlbGllcmhlYXRoIChsaWdodCkgKHRlcm1pbmFsLnNleHkp	BUILTIN_ATELIERHEATH_LIGHT_TERMINAL_SEXY_COLOR_SCHEME_TOML
QXRlbGllcmxha2VzaWRlIChkYXJrKSAodGVybWluYWwuc2V4eSk=	BUILTIN_ATELIERLAKESIDE_DARK_TERMINAL_SEXY_COLOR_SCHEME_TOML
QXRlbGllcmxha2VzaWRlIChsaWdodCkgKHRlcm1pbmFsLnNleHkp	BUILTIN_ATELIERLAKESIDE_LIGHT_TERMINAL_SEXY_COLOR_SCHEME_TOML
QXRlbGllcnNlYXNpZGUgKGRhcmspICh0ZXJtaW5hbC5zZXh5KQ==	BUILTIN_ATELIERSEASIDE_DARK_TERMINAL_SEXY_COLOR_SCHEME_TOML
QXRlbGllcnNlYXNpZGUgKGxpZ2h0KSAodGVybWluYWwuc2V4eSk=	BUILTIN_ATELIERSEASIDE_LIGHT_TERMINAL_SEXY_COLOR_SCHEME_TOML
QXRsYXMgKGJhc2UxNik=	BUILTIN_ATLAS_BASE16_COLOR_SCHEME_TOML
QXRvbQ==	BUILTIN_ATOM_COLOR_SCHEME_TOML
QXRvbSAoR29naCk=	BUILTIN_ATOM_GOGH_COLOR_SCHEME_TOML
QXRvbU9uZUxpZ2h0	BUILTIN_ATOMONELIGHT_COLOR_SCHEME_TOML
QXVyYSAoR29naCk=	BUILTIN_AURA_GOGH_COLOR_SCHEME_TOML
QXVyb3Jh	BUILTIN_AURORA_COLOR_SCHEME_TOML
QXl1IERhcmsgKEdvZ2gp	BUILTIN_AYU_DARK_GOGH_COLOR_SCHEME_TOML
QXl1IExpZ2h0IChHb2doKQ==	BUILTIN_AYU_LIGHT_GOGH_COLOR_SCHEME_TOML
QXl1IE1pcmFnZQ==	BUILTIN_AYU_MIRAGE_COLOR_SCHEME_TOML
QXl1IE1pcmFnZSAoR29naCk=	BUILTIN_AYU_MIRAGE_GOGH_COLOR_SCHEME_TOML
QXl1RGFyayAoR29naCk=	BUILTIN_AYU_DARK_GOGH_COLOR_SCHEME_TOML
QXl1TGlnaHQgKEdvZ2gp	BUILTIN_AYU_LIGHT_GOGH_COLOR_SCHEME_TOML
QXl1TWlyYWdlIChHb2doKQ==	BUILTIN_AYU_MIRAGE_GOGH_COLOR_SCHEME_TOML
QXp1IChHb2doKQ==	BUILTIN_AZU_GOGH_COLOR_SCHEME_TOML
QmFtYm9v	BUILTIN_BAMBOO_COLOR_SCHEME_TOML
QmFtYm9vIExpZ2h0	BUILTIN_BAMBOO_LIGHT_COLOR_SCHEME_TOML
QmFtYm9vIE11bHRpcGxleA==	BUILTIN_BAMBOO_MULTIPLEX_COLOR_SCHEME_TOML
QmFuYW5hIEJsdWViZXJyeQ==	BUILTIN_BANANA_BLUEBERRY_COLOR_SCHEME_TOML
QmF0bWFu	BUILTIN_BATMAN_COLOR_SCHEME_TOML
QmVsYWZvbnRlIERheQ==	BUILTIN_BELAFONTE_DAY_COLOR_SCHEME_TOML
QmVsYWZvbnRlIERheSAoR29naCk=	BUILTIN_BELAFONTE_DAY_GOGH_COLOR_SCHEME_TOML
QmVsYWZvbnRlIE5pZ2h0	BUILTIN_BELAFONTE_NIGHT_COLOR_SCHEME_TOML
QmVsYWZvbnRlIE5pZ2h0IChHb2doKQ==	BUILTIN_BELAFONTE_NIGHT_GOGH_COLOR_SCHEME_TOML
QmVsYWZvbnRlRGF5IChHb2doKQ==	BUILTIN_BELAFONTE_DAY_COLOR_SCHEME_TOML
QmVsYWZvbnRlTmlnaHQgKEdvZ2gp	BUILTIN_BELAFONTE_NIGHT_COLOR_SCHEME_TOML
QmVsZ2UgKHRlcm1pbmFsLnNleHkp	BUILTIN_BELGE_TERMINAL_SEXY_COLOR_SCHEME_TOML
QmVzcGluIChiYXNlMTYp	BUILTIN_BESPIN_BASE16_COLOR_SCHEME_TOML
QmVzcGluIChkYXJrKSAodGVybWluYWwuc2V4eSk=	BUILTIN_BESPIN_DARK_TERMINAL_SEXY_COLOR_SCHEME_TOML
QmVzcGluIChsaWdodCkgKHRlcm1pbmFsLnNleHkp	BUILTIN_BESPIN_LIGHT_TERMINAL_SEXY_COLOR_SCHEME_TOML
QmltIChHb2doKQ==	BUILTIN_BIM_GOGH_COLOR_SCHEME_TOML
QmlyZHMgT2YgUGFyYWRpc2UgKEdvZ2gp	BUILTIN_BIRDSOFPARADISE_COLOR_SCHEME_TOML
QmlyZHNPZlBhcmFkaXNl	BUILTIN_BIRDSOFPARADISE_COLOR_SCHEME_TOML
Qml0bXV0ZSAodGVybWluYWwuc2V4eSk=	BUILTIN_BITMUTE_TERMINAL_SEXY_COLOR_SCHEME_TOML
QmxhY2sgTWV0YWwgKEJhdGhvcnkpIChiYXNlMTYp	BUILTIN_BLACK_METAL_BATHORY_BASE16_COLOR_SCHEME_TOML
QmxhY2sgTWV0YWwgKEJ1cnp1bSkgKGJhc2UxNik=	BUILTIN_BLACK_METAL_BURZUM_BASE16_COLOR_SCHEME_TOML
QmxhY2sgTWV0YWwgKERhcmsgRnVuZXJhbCkgKGJhc2UxNik=	BUILTIN_BLACK_METAL_DARK_FUNERAL_BASE16_COLOR_SCHEME_TOML
QmxhY2sgTWV0YWwgKEdvcmdvcm90aCkgKGJhc2UxNik=	BUILTIN_BLACK_METAL_GORGOROTH_BASE16_COLOR_SCHEME_TOML
QmxhY2sgTWV0YWwgKEltbW9ydGFsKSAoYmFzZTE2KQ==	BUILTIN_BLACK_METAL_IMMORTAL_BASE16_COLOR_SCHEME_TOML
QmxhY2sgTWV0YWwgKEtob2xkKSAoYmFzZTE2KQ==	BUILTIN_BLACK_METAL_KHOLD_BASE16_COLOR_SCHEME_TOML
QmxhY2sgTWV0YWwgKE1hcmR1aykgKGJhc2UxNik=	BUILTIN_BLACK_METAL_MARDUK_BASE16_COLOR_SCHEME_TOML
QmxhY2sgTWV0YWwgKE1heWhlbSkgKGJhc2UxNik=	BUILTIN_BLACK_METAL_MAYHEM_BASE16_COLOR_SCHEME_TOML
QmxhY2sgTWV0YWwgKE5pbGUpIChiYXNlMTYp	BUILTIN_BLACK_METAL_NILE_BASE16_COLOR_SCHEME_TOML
QmxhY2sgTWV0YWwgKFZlbm9tKSAoYmFzZTE2KQ==	BUILTIN_BLACK_METAL_VENOM_BASE16_COLOR_SCHEME_TOML
QmxhY2sgTWV0YWwgKGJhc2UxNik=	BUILTIN_BLACK_METAL_BASE16_COLOR_SCHEME_TOML
QmxhemVy	BUILTIN_BLAZER_COLOR_SCHEME_TOML
QmxhemVyIChHb2doKQ==	BUILTIN_BLAZER_GOGH_COLOR_SCHEME_TOML
QmxlaC0xICh0ZXJtaW5hbC5zZXh5KQ==	BUILTIN_BLEH_1_TERMINAL_SEXY_COLOR_SCHEME_TOML
Qmx1ZSBEb2xwaGluIChHb2doKQ==	BUILTIN_BLUE_DOLPHIN_GOGH_COLOR_SCHEME_TOML
Qmx1ZSBNYXRyaXg=	BUILTIN_BLUE_MATRIX_COLOR_SCHEME_TOML
Qmx1ZUJlcnJ5UGll	BUILTIN_BLUEBERRYPIE_COLOR_SCHEME_TOML
Qmx1ZURvbHBoaW4=	BUILTIN_BLUEDOLPHIN_COLOR_SCHEME_TOML
Qmx1bG9jbyBMaWdodCAoR29naCk=	BUILTIN_BLULOCO_LIGHT_GOGH_COLOR_SCHEME_TOML
Qmx1bG9jbyBac2ggTGlnaHQgKEdvZ2gp	BUILTIN_BLULOCO_ZSH_LIGHT_GOGH_COLOR_SCHEME_TOML
Qmx1bG9jb0Rhcms=	BUILTIN_BLULOCO_DARK_COLOR_SCHEME_TOML
Qmx1bG9jb0xpZ2h0	BUILTIN_BLULOCO_LIGHT_COLOR_SCHEME_TOML
Qmx1bG9jb0xpZ2h0IChHb2doKQ==	BUILTIN_BLULOCO_LIGHT_GOGH_COLOR_SCHEME_TOML
Qmx1bG9jb1pzaExpZ2h0IChHb2doKQ==	BUILTIN_BLULOCO_ZSH_LIGHT_GOGH_COLOR_SCHEME_TOML
Qm9ybGFuZA==	BUILTIN_BORLAND_COLOR_SCHEME_TOML
Qm9ybGFuZCAoR29naCk=	BUILTIN_BORLAND_GOGH_COLOR_SCHEME_TOML
QnJlYWRvZyAoR29naCk=	BUILTIN_BREADOG_GOGH_COLOR_SCHEME_TOML
QnJlYXRoIChHb2doKQ==	BUILTIN_BREATH_GOGH_COLOR_SCHEME_TOML
QnJlYXRoIERhcmtlciAoR29naCk=	BUILTIN_BREATH_DARKER_GOGH_COLOR_SCHEME_TOML
QnJlYXRoIExpZ2h0IChHb2doKQ==	BUILTIN_BREATH_LIGHT_GOGH_COLOR_SCHEME_TOML
QnJlYXRoIFNpbHZlcmZveCAoR29naCk=	BUILTIN_BREATH_SILVERFOX_GOGH_COLOR_SCHEME_TOML
QnJlYXRoTGlnaHQgKEdvZ2gp	BUILTIN_BREATH_LIGHT_GOGH_COLOR_SCHEME_TOML
QnJlYXRoU2lsdmVyZm94IChHb2doKQ==	BUILTIN_BREATH_SILVERFOX_GOGH_COLOR_SCHEME_TOML
QnJlZXpl	BUILTIN_BREEZE_COLOR_SCHEME_TOML
QnJlZXplIChHb2doKQ==	BUILTIN_BREEZE_GOGH_COLOR_SCHEME_TOML
QnJld2VyIChiYXNlMTYp	BUILTIN_BREWER_BASE16_COLOR_SCHEME_TOML
QnJld2VyIChkYXJrKSAodGVybWluYWwuc2V4eSk=	BUILTIN_BREWER_DARK_TERMINAL_SEXY_COLOR_SCHEME_TOML
QnJld2VyIChsaWdodCkgKHRlcm1pbmFsLnNleHkp	BUILTIN_BREWER_LIGHT_TERMINAL_SEXY_COLOR_SCHEME_TOML
QnJpZ2h0IChiYXNlMTYp	BUILTIN_BRIGHT_BASE16_COLOR_SCHEME_TOML
QnJpZ2h0IExpZ2h0cw==	BUILTIN_BRIGHT_LIGHTS_COLOR_SCHEME_TOML
QnJvYWRjYXN0	BUILTIN_BROADCAST_COLOR_SCHEME_TOML
QnJvYWRjYXN0IChHb2doKQ==	BUILTIN_BROADCAST_GOGH_COLOR_SCHEME_TOML
QnJvZ3JhbW1lcg==	BUILTIN_BROGRAMMER_COLOR_SCHEME_TOML
QnJvZ3JhbW1lciAoR29naCk=	BUILTIN_BROGRAMMER_GOGH_COLOR_SCHEME_TOML
QnJvZ3JhbW1lciAoYmFzZTE2KQ==	BUILTIN_BROGRAMMER_BASE16_COLOR_SCHEME_TOML
QnJ1c2ggVHJlZXMgKGJhc2UxNik=	BUILTIN_BRUSH_TREES_BASE16_COLOR_SCHEME_TOML
QnJ1c2ggVHJlZXMgRGFyayAoYmFzZTE2KQ==	BUILTIN_BRUSH_TREES_DARK_BASE16_COLOR_SCHEME_TOML
QnVpbHRpbiBEYXJr	BUILTIN_DARK_COLOR_SCHEME_TOML
QnVpbHRpbiBMaWdodA==	BUILTIN_LIGHT_COLOR_SCHEME_TOML
QnVpbHRpbiBQYXN0ZWwgRGFyaw==	BUILTIN_PASTEL_DARK_COLOR_SCHEME_TOML
QnVpbHRpbiBTb2xhcml6ZWQgRGFyaw==	BUILTIN_SOLARIZED_DARK_COLOR_SCHEME_TOML
QnVpbHRpbiBTb2xhcml6ZWQgTGlnaHQ=	BUILTIN_SOLARIZED_LIGHT_COLOR_SCHEME_TOML
QnVpbHRpbiBUYW5nbyBEYXJr	BUILTIN_TANGO_DARK_COLOR_SCHEME_TOML
QnVpbHRpbiBUYW5nbyBMaWdodA==	BUILTIN_TANGO_LIGHT_COLOR_SCHEME_TOML
QnV0cmluIChHb2doKQ==	BUILTIN_BUTRIN_GOGH_COLOR_SCHEME_TOML
QzY0	BUILTIN_C64_COLOR_SCHEME_TOML
QzY0IChHb2doKQ==	BUILTIN_C64_GOGH_COLOR_SCHEME_TOML
Q0dB	BUILTIN_CGA_COLOR_SCHEME_TOML
Q0xSUw==	BUILTIN_CLRS_COLOR_SCHEME_TOML
Q2FpIChHb2doKQ==	BUILTIN_CAI_GOGH_COLOR_SCHEME_TOML
Q2FsYW1pdHk=	BUILTIN_CALAMITY_COLOR_SCHEME_TOML
Q2FtcGJlbGwgKEdvZ2gp	BUILTIN_CAMPBELL_GOGH_COLOR_SCHEME_TOML
Q2FudmFzZWQgUGFzdGVsICh0ZXJtaW5hbC5zZXh5KQ==	BUILTIN_CANVASED_PASTEL_TERMINAL_SEXY_COLOR_SCHEME_TOML
Q2F0Y2ggTWUgSWYgWW91IENhbiAodGVybWluYWwuc2V4eSk=	BUILTIN_CATCH_ME_IF_YOU_CAN_TERMINAL_SEXY_COLOR_SCHEME_TOML
Q2F0cHB1Y2NpbiBGcmFwcGU=	BUILTIN_CATPPUCCIN_FRAPPE_COLOR_SCHEME_TOML
Q2F0cHB1Y2NpbiBGcmFwcMOpIChHb2doKQ==	BUILTIN_CATPPUCCIN_FRAPPE_GOGH_COLOR_SCHEME_TOML
Q2F0cHB1Y2NpbiBMYXR0ZQ==	BUILTIN_CATPPUCCIN_LATTE_COLOR_SCHEME_TOML
Q2F0cHB1Y2NpbiBMYXR0ZSAoR29naCk=	BUILTIN_CATPPUCCIN_LATTE_ALIAS_COLOR_SCHEME_TOML
Q2F0cHB1Y2NpbiBNYWNjaGlhdG8=	BUILTIN_CATPPUCCIN_MACCHIATO_COLOR_SCHEME_TOML
Q2F0cHB1Y2NpbiBNYWNjaGlhdG8gKEdvZ2gp	BUILTIN_CATPPUCCIN_MACCHIATO_GOGH_COLOR_SCHEME_TOML
Q2F0cHB1Y2NpbiBNb2NoYQ==	BUILTIN_CATPPUCCIN_MOCHA_COLOR_SCHEME_TOML
Q2F0cHB1Y2NpbiBNb2NoYSAoR29naCk=	BUILTIN_CATPPUCCIN_MOCHA_GOGH_COLOR_SCHEME_TOML
Q2hhbGs=	BUILTIN_CHALK_COLOR_SCHEME_TOML
Q2hhbGsgKEdvZ2gp	BUILTIN_CHALK_GOGH_COLOR_SCHEME_TOML
Q2hhbGsgKGJhc2UxNik=	BUILTIN_CHALK_BASE16_COLOR_SCHEME_TOML
Q2hhbGsgKGRhcmspICh0ZXJtaW5hbC5zZXh5KQ==	BUILTIN_CHALK_DARK_TERMINAL_SEXY_COLOR_SCHEME_TOML
Q2hhbGsgKGxpZ2h0KSAodGVybWluYWwuc2V4eSk=	BUILTIN_CHALK_LIGHT_TERMINAL_SEXY_COLOR_SCHEME_TOML
Q2hhbGtib2FyZA==	BUILTIN_CHALKBOARD_COLOR_SCHEME_TOML
Q2hhbGtib2FyZCAoR29naCk=	BUILTIN_CHALKBOARD_GOGH_COLOR_SCHEME_TOML
Q2hhbGxlbmdlckRlZXA=	BUILTIN_CHALLENGER_DEEP_COLOR_SCHEME_TOML
Q2hhbWVsZW9uIChHb2doKQ==	BUILTIN_CHAMELEON_GOGH_COLOR_SCHEME_TOML
Q2hlc3Rlcg==	BUILTIN_CHESTER_COLOR_SCHEME_TOML
Q2lhcHJl	BUILTIN_CIAPRE_COLOR_SCHEME_TOML
Q2lhcHJlIChHb2doKQ==	BUILTIN_CIAPRE_GOGH_COLOR_SCHEME_TOML
Q2lyY3VzIChiYXNlMTYp	BUILTIN_CIRCUS_BASE16_COLOR_SCHEME_TOML
Q2l0eSBMaWdodHMgKEdvZ2gp	BUILTIN_CITY_LIGHTS_GOGH_COLOR_SCHEME_TOML
Q2l0eSBTdHJlZXRzICh0ZXJtaW5hbC5zZXh5KQ==	BUILTIN_CITY_STREETS_TERMINAL_SEXY_COLOR_SCHEME_TOML
Q2xhc3NpYyBEYXJrIChiYXNlMTYp	BUILTIN_CLASSIC_DARK_BASE16_COLOR_SCHEME_TOML
Q2xhc3NpYyBMaWdodCAoYmFzZTE2KQ==	BUILTIN_CLASSIC_LIGHT_BASE16_COLOR_SCHEME_TOML
Q2xvbmUgT2YgVWJ1bnR1IChHb2doKQ==	BUILTIN_CLONE_OF_UBUNTU_GOGH_COLOR_SCHEME_TOML
Q2xvbmVvZlVidW50dSAoR29naCk=	BUILTIN_CLONE_OF_UBUNTU_GOGH_COLOR_SCHEME_TOML
Q2xvdWQgKHRlcm1pbmFsLnNleHkp	BUILTIN_CLOUD_TERMINAL_SEXY_COLOR_SCHEME_TOML
Q2xycyAoR29naCk=	BUILTIN_CLRS_GOGH_COLOR_SCHEME_TOML
Q29iYWx0IDIgKEdvZ2gp	BUILTIN_COBALT2_COLOR_SCHEME_TOML
Q29iYWx0IE5lb24=	BUILTIN_COBALT_NEON_COLOR_SCHEME_TOML
Q29iYWx0IE5lb24gKEdvZ2gp	BUILTIN_COBALT_NEON_GOGH_COLOR_SCHEME_TOML
Q29iYWx0Mg==	BUILTIN_COBALT2_COLOR_SCHEME_TOML
Q29iYWx0TmVvbiAoR29naCk=	BUILTIN_COBALT_NEON_COLOR_SCHEME_TOML
Q29kZXNjaG9vbCAoYmFzZTE2KQ==	BUILTIN_CODESCHOOL_BASE16_COLOR_SCHEME_TOML
Q29kZXNjaG9vbCAoZGFyaykgKHRlcm1pbmFsLnNleHkp	BUILTIN_CODESCHOOL_DARK_TERMINAL_SEXY_COLOR_SCHEME_TOML
Q29kZXNjaG9vbCAobGlnaHQpICh0ZXJtaW5hbC5zZXh5KQ==	BUILTIN_CODESCHOOL_LIGHT_TERMINAL_SEXY_COLOR_SCHEME_TOML
Q29sb3IgU3RhciAodGVybWluYWwuc2V4eSk=	BUILTIN_COLOR_STAR_TERMINAL_SEXY_COLOR_SCHEME_TOML
Q29sb3JjbGkgKEdvZ2gp	BUILTIN_COLORCLI_GOGH_COLOR_SCHEME_TOML
Q29sb3JmdWwgQ29sb3JzICh0ZXJtaW5hbC5zZXh5KQ==	BUILTIN_COLORFUL_COLORS_TERMINAL_SEXY_COLOR_SCHEME_TOML
Q29sb3JzIChiYXNlMTYp	BUILTIN_COLORS_BASE16_COLOR_SCHEME_TOML
Q291bnQgVm9uIENvdW50ICh0ZXJtaW5hbC5zZXh5KQ==	BUILTIN_COUNT_VON_COUNT_TERMINAL_SEXY_COLOR_SCHEME_TOML
Q3JheW9uIFBvbnkgRmlzaCAoR29naCk=	BUILTIN_CRAYON_PONY_FISH_COLOR_SCHEME_TOML
Q3JheW9uUG9ueUZpc2g=	BUILTIN_CRAYON_PONY_FISH_COLOR_SCHEME_TOML
Q3VwY2FrZSAoYmFzZTE2KQ==	BUILTIN_CUPCAKE_BASE16_COLOR_SCHEME_TOML
Q3VwZXJ0aW5vIChiYXNlMTYp	BUILTIN_CUPERTINO_BASE16_COLOR_SCHEME_TOML
Q3V0aWVQcm8=	BUILTIN_CUTIEPRO_COLOR_SCHEME_TOML
Q3liZXJkeW5l	BUILTIN_CYBERDYNE_COLOR_SCHEME_TOML
RFdNIHJvYiAodGVybWluYWwuc2V4eSk=	BUILTIN_DWM_ROB_TERMINAL_SEXY_COLOR_SCHEME_TOML
RGFuUWluZyAoYmFzZTE2KQ==	BUILTIN_DANQING_BASE16_COLOR_SCHEME_TOML
RGFuUWluZyBMaWdodCAoYmFzZTE2KQ==	BUILTIN_DANQING_LIGHT_BASE16_COLOR_SCHEME_TOML
RGFyY3VsYSAoYmFzZTE2KQ==	BUILTIN_DARCULA_BASE16_COLOR_SCHEME_TOML
RGFyayBPY2VhbiAodGVybWluYWwuc2V4eSk=	BUILTIN_DARK_OCEAN_TERMINAL_SEXY_COLOR_SCHEME_TOML
RGFyayBQYXN0ZWw=	BUILTIN_DARK_PASTEL_COLOR_SCHEME_TOML
RGFyayBQYXN0ZWwgKEdvZ2gp	BUILTIN_DARK_PASTEL_GOGH_COLOR_SCHEME_TOML
RGFyayBWaW9sZXQgKGJhc2UxNik=	BUILTIN_DARK_VIOLET_BASE16_COLOR_SCHEME_TOML
RGFyays=	BUILTIN_DARK_PLUS_COLOR_SCHEME_TOML
RGFya1Bhc3RlbCAoR29naCk=	BUILTIN_DARK_PASTEL_COLOR_SCHEME_TOML
RGFya3NpZGU=	BUILTIN_DARKSIDE_COLOR_SCHEME_TOML
RGFya3NpZGUgKEdvZ2gp	BUILTIN_DARKSIDE_GOGH_COLOR_SCHEME_TOML
RGFya3Rvb3RoIChiYXNlMTYp	BUILTIN_DARKTOOTH_BASE16_COLOR_SCHEME_TOML
RGF3biAodGVybWluYWwuc2V4eSk=	BUILTIN_DAWN_TERMINAL_SEXY_COLOR_SCHEME_TOML
RGVIeWRyYXRpb24gKEdvZ2gp	BUILTIN_DEHYDRATION_GOGH_COLOR_SCHEME_TOML
RGVhZmVuZWQgKHRlcm1pbmFsLnNleHkp	BUILTIN_DEAFENED_TERMINAL_SEXY_COLOR_SCHEME_TOML
RGVjYWYgKGJhc2UxNik=	BUILTIN_DECAF_BASE16_COLOR_SCHEME_TOML
RGVmYXVsdCAoZGFyaykgKHRlcm1pbmFsLnNleHkp	BUILTIN_DEFAULT_DARK_TERMINAL_SEXY_COLOR_SCHEME_TOML
RGVmYXVsdCAobGlnaHQpICh0ZXJtaW5hbC5zZXh5KQ==	BUILTIN_DEFAULT_LIGHT_TERMINAL_SEXY_COLOR_SCHEME_TOML
RGVmYXVsdCBEYXJrIChiYXNlMTYp	BUILTIN_DEFAULT_DARK_BASE16_COLOR_SCHEME_TOML
RGVmYXVsdCBMaWdodCAoYmFzZTE2KQ==	BUILTIN_DEFAULT_LIGHT_BASE16_COLOR_SCHEME_TOML
RGVoeWRyYXRpb24gKEdvZ2gp	BUILTIN_DEHYDRATION_GOGH_COLOR_SCHEME_TOML
RGVycCAodGVybWluYWwuc2V4eSk=	BUILTIN_DERP_TERMINAL_SEXY_COLOR_SCHEME_TOML
RGVzZXJ0	BUILTIN_DESERT_COLOR_SCHEME_TOML
RGVzZXJ0IChHb2doKQ==	BUILTIN_DESERT_GOGH_COLOR_SCHEME_TOML
RGlnZXJhdGkgKHRlcm1pbmFsLnNleHkp	BUILTIN_DIGERATI_TERMINAL_SEXY_COLOR_SCHEME_TOML
RGltbWVkIE1vbm9rYWkgKEdvZ2gp	BUILTIN_DIMMED_MONOKAI_COLOR_SCHEME_TOML
RGltbWVkTW9ub2thaQ==	BUILTIN_DIMMED_MONOKAI_COLOR_SCHEME_TOML
RGlzc29uYW5jZSAoR29naCk=	BUILTIN_DISSONANCE_GOGH_COLOR_SCHEME_TOML
RGphbmdv	BUILTIN_DJANGO_COLOR_SCHEME_TOML
RGphbmdvUmVib3JuQWdhaW4=	BUILTIN_DJANGO_REBORN_AGAIN_COLOR_SCHEME_TOML
RGphbmdvU21vb3Ro	BUILTIN_DJANGO_SMOOTH_COLOR_SCHEME_TOML
RG9vbSBQZWFjb2Nr	BUILTIN_DOOM_PEACOCK_COLOR_SCHEME_TOML
RG9vbU9uZQ==	BUILTIN_DOOM_ONE_COLOR_SCHEME_TOML
RG90R292	BUILTIN_DOTGOV_COLOR_SCHEME_TOML
RG90c2hhcmUgKHRlcm1pbmFsLnNleHkp	BUILTIN_DOTSHARE_TERMINAL_SEXY_COLOR_SCHEME_TOML
RHJhY3VsYQ==	BUILTIN_DRACULA_COLOR_SCHEME_TOML
RHJhY3VsYSAoR29naCk=	BUILTIN_DRACULA_GOGH_COLOR_SCHEME_TOML
RHJhY3VsYSAoT2ZmaWNpYWwp	BUILTIN_DRACULA_OFFICIAL_COLOR_SCHEME_TOML
RHJhY3VsYSAoYmFzZTE2KQ==	BUILTIN_DRACULA_BASE16_COLOR_SCHEME_TOML
RHJhY3VsYSs=	BUILTIN_DRACULA_PLUS_COLOR_SCHEME_TOML
RHVvdG9uZSBEYXJr	BUILTIN_DUOTONE_DARK_COLOR_SCHEME_TOML
RU5DT00=	BUILTIN_ENCOM_COLOR_SCHEME_TOML
RWFydGhzb25n	BUILTIN_EARTHSONG_COLOR_SCHEME_TOML
RWFydGhzb25nIChHb2doKQ==	BUILTIN_EARTHSONG_GOGH_COLOR_SCHEME_TOML
RWRnZSBEYXJrIChiYXNlMTYp	BUILTIN_EDGE_DARK_BASE16_COLOR_SCHEME_TOML
RWRnZSBMaWdodCAoYmFzZTE2KQ==	BUILTIN_EDGE_LIGHT_BASE16_COLOR_SCHEME_TOML
RWYtQXJidXR1cw==	BUILTIN_EF_ARBUTUS_COLOR_SCHEME_TOML
RWYtQXV0dW1u	BUILTIN_EF_AUTUMN_COLOR_SCHEME_TOML
RWYtQmlv	BUILTIN_EF_BIO_COLOR_SCHEME_TOML
RWYtQ2hlcmll	BUILTIN_EF_CHERIE_COLOR_SCHEME_TOML
RWYtQ3lwcnVz	BUILTIN_EF_CYPRUS_COLOR_SCHEME_TOML
RWYtRGFyaw==	BUILTIN_EF_DARK_COLOR_SCHEME_TOML
RWYtRGF5	BUILTIN_EF_DAY_COLOR_SCHEME_TOML
RWYtRGV1dGVyYW5vcGlhLURhcms=	BUILTIN_EF_DEUTERANOPIA_DARK_COLOR_SCHEME_TOML
RWYtRGV1dGVyYW5vcGlhLUxpZ2h0	BUILTIN_EF_DEUTERANOPIA_LIGHT_COLOR_SCHEME_TOML
RWYtRHJlYW0=	BUILTIN_EF_DREAM_COLOR_SCHEME_TOML
RWYtRHVvLURhcms=	BUILTIN_EF_DUO_DARK_COLOR_SCHEME_TOML
RWYtRHVvLUxpZ2h0	BUILTIN_EF_DUO_LIGHT_COLOR_SCHEME_TOML
RWYtRWxlYS1EYXJr	BUILTIN_EF_ELEA_DARK_COLOR_SCHEME_TOML
RWYtRWxlYS1MaWdodA==	BUILTIN_EF_ELEA_LIGHT_COLOR_SCHEME_TOML
RWYtRnJvc3Q=	BUILTIN_EF_FROST_COLOR_SCHEME_TOML
RWYtS2Fzc2lv	BUILTIN_EF_KASSIO_COLOR_SCHEME_TOML
RWYtTGlnaHQ=	BUILTIN_EF_LIGHT_COLOR_SCHEME_TOML
RWYtTWFyaXMtRGFyaw==	BUILTIN_EF_MARIS_DARK_COLOR_SCHEME_TOML
RWYtTWFyaXMtTGlnaHQ=	BUILTIN_EF_MARIS_LIGHT_COLOR_SCHEME_TOML
RWYtTWVsaXNzYS1EYXJr	BUILTIN_EF_MELISSA_DARK_COLOR_SCHEME_TOML
RWYtTWVsaXNzYS1MaWdodA==	BUILTIN_EF_MELISSA_LIGHT_COLOR_SCHEME_TOML
RWYtTmlnaHQ=	BUILTIN_EF_NIGHT_COLOR_SCHEME_TOML
RWYtUmV2ZXJpZQ==	BUILTIN_EF_REVERIE_COLOR_SCHEME_TOML
RWYtUm9zYQ==	BUILTIN_EF_ROSA_COLOR_SCHEME_TOML
RWYtU3ByaW5n	BUILTIN_EF_SPRING_COLOR_SCHEME_TOML
RWYtU3VtbWVy	BUILTIN_EF_SUMMER_COLOR_SCHEME_TOML
RWYtU3ltYmlvc2lz	BUILTIN_EF_SYMBIOSIS_COLOR_SCHEME_TOML
RWYtVHJpby1EYXJr	BUILTIN_EF_TRIO_DARK_COLOR_SCHEME_TOML
RWYtVHJpby1MaWdodA==	BUILTIN_EF_TRIO_LIGHT_COLOR_SCHEME_TOML
RWYtVHJpdGFub3BpYS1EYXJr	BUILTIN_EF_TRITANOPIA_DARK_COLOR_SCHEME_TOML
RWYtVHJpdGFub3BpYS1MaWdodA==	BUILTIN_EF_TRITANOPIA_LIGHT_COLOR_SCHEME_TOML
RWYtV2ludGVy	BUILTIN_EF_WINTER_COLOR_SCHEME_TOML
RWlnaHRpZXMgKGJhc2UxNik=	BUILTIN_EIGHTIES_BASE16_COLOR_SCHEME_TOML
RWlnaHRpZXMgKGRhcmspICh0ZXJtaW5hbC5zZXh5KQ==	BUILTIN_EIGHTIES_DARK_TERMINAL_SEXY_COLOR_SCHEME_TOML
RWlnaHRpZXMgKGxpZ2h0KSAodGVybWluYWwuc2V4eSk=	BUILTIN_EIGHTIES_LIGHT_TERMINAL_SEXY_COLOR_SCHEME_TOML
RWxkb3JhZG8gZGFyayAodGVybWluYWwuc2V4eSk=	BUILTIN_ELDORADO_DARK_TERMINAL_SEXY_COLOR_SCHEME_TOML
RWxkcml0Y2g=	BUILTIN_ELDRITCH_COLOR_SCHEME_TOML
RWxlbWVudGFs	BUILTIN_ELEMENTAL_COLOR_SCHEME_TOML
RWxlbWVudGFsIChHb2doKQ==	BUILTIN_ELEMENTAL_GOGH_COLOR_SCHEME_TOML
RWxlbWVudGFyeQ==	BUILTIN_ELEMENTARY_COLOR_SCHEME_TOML
RWxlbWVudGFyeSAoR29naCk=	BUILTIN_ELEMENTARY_GOGH_COLOR_SCHEME_TOML
RWxpYyAoR29naCk=	BUILTIN_ELIC_GOGH_COLOR_SCHEME_TOML
RWxpbyAoR29naCk=	BUILTIN_ELIO_GOGH_COLOR_SCHEME_TOML
RW1iZXJzIChiYXNlMTYp	BUILTIN_EMBERS_BASE16_COLOR_SCHEME_TOML
RW1iZXJzIChkYXJrKSAodGVybWluYWwuc2V4eSk=	BUILTIN_EMBERS_DARK_TERMINAL_SEXY_COLOR_SCHEME_TOML
RW1iZXJzIChsaWdodCkgKHRlcm1pbmFsLnNleHkp	BUILTIN_EMBERS_LIGHT_TERMINAL_SEXY_COLOR_SCHEME_TOML
RXBpcGhhbnkgKHRlcm1pbmFsLnNleHkp	BUILTIN_EPIPHANY_TERMINAL_SEXY_COLOR_SCHEME_TOML
RXFpZTYgKHRlcm1pbmFsLnNleHkp	BUILTIN_EQIE6_TERMINAL_SEXY_COLOR_SCHEME_TOML
RXF1aWxpYnJpdW0gRGFyayAoYmFzZTE2KQ==	BUILTIN_EQUILIBRIUM_DARK_BASE16_COLOR_SCHEME_TOML
RXF1aWxpYnJpdW0gR3JheSBEYXJrIChiYXNlMTYp	BUILTIN_EQUILIBRIUM_GRAY_DARK_BASE16_COLOR_SCHEME_TOML
RXF1aWxpYnJpdW0gR3JheSBMaWdodCAoYmFzZTE2KQ==	BUILTIN_EQUILIBRIUM_GRAY_LIGHT_BASE16_COLOR_SCHEME_TOML
RXF1aWxpYnJpdW0gTGlnaHQgKGJhc2UxNik=	BUILTIN_EQUILIBRIUM_LIGHT_BASE16_COLOR_SCHEME_TOML
RXJlYnVzICh0ZXJtaW5hbC5zZXh5KQ==	BUILTIN_EREBUS_TERMINAL_SEXY_COLOR_SCHEME_TOML
RXNwcmVzc28=	BUILTIN_ESPRESSO_COLOR_SCHEME_TOML
RXNwcmVzc28gKEdvZ2gp	BUILTIN_ESPRESSO_GOGH_COLOR_SCHEME_TOML
RXNwcmVzc28gKGJhc2UxNik=	BUILTIN_ESPRESSO_BASE16_COLOR_SCHEME_TOML
RXNwcmVzc28gTGlicmU=	BUILTIN_ESPRESSO_LIBRE_COLOR_SCHEME_TOML
RXNwcmVzc28gTGlicmUgKEdvZ2gp	BUILTIN_ESPRESSO_LIBRE_GOGH_COLOR_SCHEME_TOML
RXNwcmVzc29MaWJyZSAoR29naCk=	BUILTIN_ESPRESSO_LIBRE_COLOR_SCHEME_TOML
RXVwaHJhc2lhICh0ZXJtaW5hbC5zZXh5KQ==	BUILTIN_EUPHRASIA_TERMINAL_SEXY_COLOR_SCHEME_TOML
RXZhIChiYXNlMTYp	BUILTIN_EVA_BASE16_COLOR_SCHEME_TOML
RXZhIERpbSAoYmFzZTE2KQ==	BUILTIN_EVA_DIM_BASE16_COLOR_SCHEME_TOML
RXZlcmJsdXNo	BUILTIN_EVERBLUSH_COLOR_SCHEME_TOML
RXZlcmJsdXNoIChHb2doKQ==	BUILTIN_EVERBLUSH_GOGH_COLOR_SCHEME_TOML
RXZlcmZvcmVzdCBEYXJrIChHb2doKQ==	BUILTIN_EVERFOREST_DARK_GOGH_COLOR_SCHEME_TOML
RXZlcmZvcmVzdCBEYXJrIEhhcmQgKEdvZ2gp	BUILTIN_EVERFOREST_DARK_HARD_GOGH_COLOR_SCHEME_TOML
RXZlcmZvcmVzdCBEYXJrIE1lZGl1bSAoR29naCk=	BUILTIN_EVERFOREST_DARK_MEDIUM_GOGH_COLOR_SCHEME_TOML
RXZlcmZvcmVzdCBEYXJrIFNvZnQgKEdvZ2gp	BUILTIN_EVERFOREST_DARK_SOFT_GOGH_COLOR_SCHEME_TOML
RXZlcmZvcmVzdCBMaWdodCAoR29naCk=	BUILTIN_EVERFOREST_LIGHT_GOGH_COLOR_SCHEME_TOML
RXZlcmZvcmVzdCBMaWdodCBIYXJkIChHb2doKQ==	BUILTIN_EVERFOREST_LIGHT_HARD_GOGH_COLOR_SCHEME_TOML
RXZlcmZvcmVzdCBMaWdodCBNZWRpdW0gKEdvZ2gp	BUILTIN_EVERFOREST_LIGHT_MEDIUM_GOGH_COLOR_SCHEME_TOML
RXZlcmZvcmVzdCBMaWdodCBTb2Z0IChHb2doKQ==	BUILTIN_EVERFOREST_LIGHT_SOFT_GOGH_COLOR_SCHEME_TOML
RXZlcmZvcmVzdERhcmsgKEdvZ2gp	BUILTIN_EVERFOREST_DARK_GOGH_COLOR_SCHEME_TOML
RXZlcmZvcmVzdExpZ2h0IChHb2doKQ==	BUILTIN_EVERFOREST_LIGHT_GOGH_COLOR_SCHEME_TOML
RmFocmVuaGVpdA==	BUILTIN_FAHRENHEIT_COLOR_SCHEME_TOML
RmFpcnkgRmxvc3MgKEdvZ2gp	BUILTIN_FAIRY_FLOSS_GOGH_COLOR_SCHEME_TOML
RmFpcnkgRmxvc3MgRGFyayAoR29naCk=	BUILTIN_FAIRY_FLOSS_DARK_GOGH_COLOR_SCHEME_TOML
RmFpcnlGbG9zcyAoR29naCk=	BUILTIN_FAIRY_FLOSS_GOGH_COLOR_SCHEME_TOML
RmFpcnlGbG9zc0RhcmsgKEdvZ2gp	BUILTIN_FAIRY_FLOSS_DARK_GOGH_COLOR_SCHEME_TOML
RmFpcnlmbG9zcw==	BUILTIN_FAIRYFLOSS_COLOR_SCHEME_TOML
RmFyU2lkZSAodGVybWluYWwuc2V4eSk=	BUILTIN_FARSIDE_TERMINAL_SEXY_COLOR_SCHEME_TOML
RmlkZWxvcGVy	BUILTIN_FIDELOPER_COLOR_SCHEME_TOML
RmlyZWZseSBUcmFkaXRpb25hbA==	BUILTIN_FIREFLY_TRADITIONAL_COLOR_SCHEME_TOML
RmlyZWZveERldg==	BUILTIN_FIREFOXDEV_COLOR_SCHEME_TOML
RmlyZXdhdGNo	BUILTIN_FIREWATCH_COLOR_SCHEME_TOML
RmlzaFRhbms=	BUILTIN_FISHTANK_COLOR_SCHEME_TOML
RmlzaGJvbmUgKHRlcm1pbmFsLnNleHkp	BUILTIN_FISHBONE_TERMINAL_SEXY_COLOR_SCHEME_TOML
RmlzaHRhbmsgKEdvZ2gp	BUILTIN_FISHTANK_GOGH_COLOR_SCHEME_TOML
RmxhdA==	BUILTIN_FLAT_COLOR_SCHEME_TOML
RmxhdCAoR29naCk=	BUILTIN_FLAT_GOGH_COLOR_SCHEME_TOML
RmxhdCAoYmFzZTE2KQ==	BUILTIN_FLAT_BASE16_COLOR_SCHEME_TOML
RmxhdCBSZW1peCAoR29naCk=	BUILTIN_FLAT_REMIX_GOGH_COLOR_SCHEME_TOML
RmxhdFJlbWl4IChHb2doKQ==	BUILTIN_FLAT_REMIX_GOGH_COLOR_SCHEME_TOML
RmxhdGxhbmQ=	BUILTIN_FLATLAND_COLOR_SCHEME_TOML
RmxhdGxhbmQgKEdvZ2gp	BUILTIN_FLATLAND_GOGH_COLOR_SCHEME_TOML
RmxvcmF2ZXJzZQ==	BUILTIN_FLORAVERSE_COLOR_SCHEME_TOML
Rm9yZXN0Qmx1ZQ==	BUILTIN_FORESTBLUE_COLOR_SCHEME_TOML
Rm94bmlnaHRseSAoR29naCk=	BUILTIN_FOXNIGHTLY_GOGH_COLOR_SCHEME_TOML
RnJhbWVy	BUILTIN_FRAMER_COLOR_SCHEME_TOML
RnJhbWVyIChiYXNlMTYp	BUILTIN_FRAMER_BASE16_COLOR_SCHEME_TOML
RnJleWEgKEdvZ2gp	BUILTIN_FREYA_GOGH_COLOR_SCHEME_TOML
RnJvbnRFbmREZWxpZ2h0	BUILTIN_FRONTENDDELIGHT_COLOR_SCHEME_TOML
RnJvbnRlbmQgRGVsaWdodCAoR29naCk=	BUILTIN_FRONTENDDELIGHT_COLOR_SCHEME_TOML
RnJvbnRlbmQgRnVuIEZvcnJlc3QgKEdvZ2gp	BUILTIN_FUNFORREST_COLOR_SCHEME_TOML
RnJvbnRlbmQgR2FsYXh5IChHb2doKQ==	BUILTIN_GALAXY_COLOR_SCHEME_TOML
RnJvbnRlbmREZWxpZ2h0IChHb2doKQ==	BUILTIN_FRONTENDDELIGHT_COLOR_SCHEME_TOML
RnJvbnRlbmRGdW5Gb3JyZXN0IChHb2doKQ==	BUILTIN_FUNFORREST_COLOR_SCHEME_TOML
RnJvbnRlbmRHYWxheHkgKEdvZ2gp	BUILTIN_GALAXY_COLOR_SCHEME_TOML
RnJ1aXQgU29kYSAoYmFzZTE2KQ==	BUILTIN_FRUIT_SODA_BASE16_COLOR_SCHEME_TOML
RnVuRm9ycmVzdA==	BUILTIN_FUNFORREST_COLOR_SCHEME_TOML
R0pNICh0ZXJtaW5hbC5zZXh5KQ==	BUILTIN_GJM_TERMINAL_SEXY_COLOR_SCHEME_TOML
R2FsYXh5	BUILTIN_GALAXY_COLOR_SCHEME_TOML
R2FsaXp1cg==	BUILTIN_GALIZUR_COLOR_SCHEME_TOML
R2VvSG90IChHb2doKQ==	BUILTIN_GEOHOT_GOGH_COLOR_SCHEME_TOML
R2VvaG90IChHb2doKQ==	BUILTIN_GEOHOT_GOGH_COLOR_SCHEME_TOML
R2lnYXZvbHQgKGJhc2UxNik=	BUILTIN_GIGAVOLT_BASE16_COLOR_SCHEME_TOML
R2l0SHViIERhcms=	BUILTIN_GITHUB_DARK_COLOR_SCHEME_TOML
R2l0aHVi	BUILTIN_GITHUB_COLOR_SCHEME_TOML
R2l0aHViIChHb2doKQ==	BUILTIN_GITHUB_GOGH_COLOR_SCHEME_TOML
R2l0aHViIChiYXNlMTYp	BUILTIN_GITHUB_BASE16_COLOR_SCHEME_TOML
R2l0aHViIERhcmsgKEdvZ2gp	BUILTIN_GITHUB_DARK_GOGH_COLOR_SCHEME_TOML
R2l0aHViIExpZ2h0IChHb2doKQ==	BUILTIN_GITHUB_LIGHT_GOGH_COLOR_SCHEME_TOML
R2xhY2llcg==	BUILTIN_GLACIER_COLOR_SCHEME_TOML
R25vbWV0ZXJtICh0ZXJtaW5hbC5zZXh5KQ==	BUILTIN_GNOMETERM_TERMINAL_SEXY_COLOR_SCHEME_TOML
R29naCAoR29naCk=	BUILTIN_GOGH_GOGH_COLOR_SCHEME_TOML
R29vZXkgKEdvZ2gp	BUILTIN_GOOEY_GOGH_COLOR_SCHEME_TOML
R29vZ2xlIChkYXJrKSAodGVybWluYWwuc2V4eSk=	BUILTIN_GOOGLE_DARK_BASE16_COLOR_SCHEME_TOML
R29vZ2xlIChsaWdodCkgKHRlcm1pbmFsLnNleHkp	BUILTIN_GOOGLE_LIGHT_TERMINAL_SEXY_COLOR_SCHEME_TOML
R29vZ2xlIERhcmsgKEdvZ2gp	BUILTIN_GOOGLE_DARK_GOGH_COLOR_SCHEME_TOML
R29vZ2xlIERhcmsgKGJhc2UxNik=	BUILTIN_GOOGLE_DARK_BASE16_COLOR_SCHEME_TOML
R29vZ2xlIExpZ2h0IChHb2doKQ==	BUILTIN_GOOGLE_LIGHT_GOGH_COLOR_SCHEME_TOML
R29vZ2xlIExpZ2h0IChiYXNlMTYp	BUILTIN_GOOGLE_LIGHT_BASE16_COLOR_SCHEME_TOML
R29vZ2xlRGFyayAoR29naCk=	BUILTIN_GOOGLE_DARK_GOGH_COLOR_SCHEME_TOML
R29vZ2xlTGlnaHQgKEdvZ2gp	BUILTIN_GOOGLE_LIGHT_GOGH_COLOR_SCHEME_TOML
R290aGFtIChHb2doKQ==	BUILTIN_GOTHAM_GOGH_COLOR_SCHEME_TOML
R290aGFtICh0ZXJtaW5hbC5zZXh5KQ==	BUILTIN_GOTHAM_TERMINAL_SEXY_COLOR_SCHEME_TOML
R3JhbmRzaGVsbCAodGVybWluYWwuc2V4eSk=	BUILTIN_GRANDSHELL_TERMINAL_SEXY_COLOR_SCHEME_TOML
R3JhcGU=	BUILTIN_GRAPE_COLOR_SCHEME_TOML
R3JhcGUgKEdvZ2gp	BUILTIN_GRAPE_GOGH_COLOR_SCHEME_TOML
R3Jhc3M=	BUILTIN_GRASS_COLOR_SCHEME_TOML
R3Jhc3MgKEdvZ2gp	BUILTIN_GRASS_GOGH_COLOR_SCHEME_TOML
R3JheXNjYWxlIChkYXJrKSAodGVybWluYWwuc2V4eSk=	BUILTIN_GRAYSCALE_DARK_BASE16_COLOR_SCHEME_TOML
R3JheXNjYWxlIChsaWdodCkgKHRlcm1pbmFsLnNleHkp	BUILTIN_GRAYSCALE_LIGHT_TERMINAL_SEXY_COLOR_SCHEME_TOML
R3JheXNjYWxlIERhcmsgKGJhc2UxNik=	BUILTIN_GRAYSCALE_DARK_BASE16_COLOR_SCHEME_TOML
R3JheXNjYWxlIExpZ2h0IChiYXNlMTYp	BUILTIN_GRAYSCALE_LIGHT_BASE16_COLOR_SCHEME_TOML
R3JlZW4gU2NyZWVuIChiYXNlMTYp	BUILTIN_GREEN_SCREEN_BASE16_COLOR_SCHEME_TOML
R3JlZW5zY3JlZW4gKGRhcmspICh0ZXJtaW5hbC5zZXh5KQ==	BUILTIN_GREENSCREEN_DARK_TERMINAL_SEXY_COLOR_SCHEME_TOML
R3JlZW5zY3JlZW4gKGxpZ2h0KSAodGVybWluYWwuc2V4eSk=	BUILTIN_GREENSCREEN_LIGHT_TERMINAL_SEXY_COLOR_SCHEME_TOML
R3JleS1ncmVlbg==	BUILTIN_GREY_GREEN_COLOR_SCHEME_TOML
R3J1YmVyIChiYXNlMTYp	BUILTIN_GRUBER_BASE16_COLOR_SCHEME_TOML
R3J1dmJveCAoR29naCk=	BUILTIN_GRUVBOX_GOGH_COLOR_SCHEME_TOML
R3J1dmJveCBEYXJrIChHb2doKQ==	BUILTIN_GRUVBOXDARK_COLOR_SCHEME_TOML
R3J1dmJveCBMaWdodA==	BUILTIN_GRUVBOXLIGHT_COLOR_SCHEME_TOML
R3J1dmJveCBNYXRlcmlhbCAoR29naCk=	BUILTIN_GRUVBOX_MATERIAL_GOGH_COLOR_SCHEME_TOML
R3J1dmJveCBkYXJrLCBoYXJkIChiYXNlMTYp	BUILTIN_GRUVBOX_DARK_HARD_BASE16_COLOR_SCHEME_TOML
R3J1dmJveCBkYXJrLCBtZWRpdW0gKGJhc2UxNik=	BUILTIN_GRUVBOX_DARK_MEDIUM_BASE16_COLOR_SCHEME_TOML
R3J1dmJveCBkYXJrLCBwYWxlIChiYXNlMTYp	BUILTIN_GRUVBOX_DARK_PALE_BASE16_COLOR_SCHEME_TOML
R3J1dmJveCBkYXJrLCBzb2Z0IChiYXNlMTYp	BUILTIN_GRUVBOX_DARK_SOFT_BASE16_COLOR_SCHEME_TOML
R3J1dmJveCBsaWdodCwgaGFyZCAoYmFzZTE2KQ==	BUILTIN_GRUVBOX_LIGHT_HARD_BASE16_COLOR_SCHEME_TOML
R3J1dmJveCBsaWdodCwgbWVkaXVtIChiYXNlMTYp	BUILTIN_GRUVBOX_LIGHT_MEDIUM_BASE16_COLOR_SCHEME_TOML
R3J1dmJveCBsaWdodCwgc29mdCAoYmFzZTE2KQ==	BUILTIN_GRUVBOX_LIGHT_SOFT_BASE16_COLOR_SCHEME_TOML
R3J1dmJveERhcms=	BUILTIN_GRUVBOXDARK_COLOR_SCHEME_TOML
R3J1dmJveERhcmtIYXJk	BUILTIN_GRUVBOXDARKHARD_COLOR_SCHEME_TOML
R3J1dmJveExpZ2h0	BUILTIN_GRUVBOXLIGHT_COLOR_SCHEME_TOML
R3Vlendob3o=	BUILTIN_GUEZWHOZ_COLOR_SCHEME_TOML
SGFYMFJfQkxVRQ==	BUILTIN_HAX0R_BLUE_COLOR_SCHEME_TOML
SGFYMFJfR1IzM04=	BUILTIN_HAX0R_GR33N_COLOR_SCHEME_TOML
SGFYMFJfUjNE	BUILTIN_HAX0R_R3D_COLOR_SCHEME_TOML
SGFja3RvYmVy	BUILTIN_HACKTOBER_COLOR_SCHEME_TOML
SGFyZGNvcmU=	BUILTIN_HARDCORE_COLOR_SCHEME_TOML
SGFyZGNvcmUgKEdvZ2gp	BUILTIN_HARDCORE_GOGH_COLOR_SCHEME_TOML
SGFyZGNvcmUgKGJhc2UxNik=	BUILTIN_HARDCORE_BASE16_COLOR_SCHEME_TOML
SGFybW9uaWMxNiBEYXJrIChiYXNlMTYp	BUILTIN_HARMONIC16_DARK_BASE16_COLOR_SCHEME_TOML
SGFybW9uaWMxNiBMaWdodCAoYmFzZTE2KQ==	BUILTIN_HARMONIC16_LIGHT_BASE16_COLOR_SCHEME_TOML
SGFycGVy	BUILTIN_HARPER_COLOR_SCHEME_TOML
SGFycGVyIChHb2doKQ==	BUILTIN_HARPER_GOGH_COLOR_SCHEME_TOML
SGVldGNoIERhcmsgKGJhc2UxNik=	BUILTIN_HEETCH_DARK_BASE16_COLOR_SCHEME_TOML
SGVldGNoIExpZ2h0IChiYXNlMTYp	BUILTIN_HEETCH_LIGHT_BASE16_COLOR_SCHEME_TOML
SGVsaW9zIChiYXNlMTYp	BUILTIN_HELIOS_BASE16_COLOR_SCHEME_TOML
SGVtaXN1IERhcmsgKEdvZ2gp	BUILTIN_HEMISU_DARK_GOGH_COLOR_SCHEME_TOML
SGVtaXN1IExpZ2h0IChHb2doKQ==	BUILTIN_HEMISU_LIGHT_GOGH_COLOR_SCHEME_TOML
SGVtaXN1RGFyayAoR29naCk=	BUILTIN_HEMISU_DARK_GOGH_COLOR_SCHEME_TOML
SGVtaXN1TGlnaHQgKEdvZ2gp	BUILTIN_HEMISU_LIGHT_GOGH_COLOR_SCHEME_TOML
SGlnaHdheQ==	BUILTIN_HIGHWAY_COLOR_SCHEME_TOML
SGlnaHdheSAoR29naCk=	BUILTIN_HIGHWAY_GOGH_COLOR_SCHEME_TOML
SGlwc3RlciBHcmVlbg==	BUILTIN_HIPSTER_GREEN_COLOR_SCHEME_TOML
SGlwc3RlciBHcmVlbiAoR29naCk=	BUILTIN_HIPSTER_GREEN_GOGH_COLOR_SCHEME_TOML
SGlwc3RlckdyZWVuIChHb2doKQ==	BUILTIN_HIPSTER_GREEN_COLOR_SCHEME_TOML
SGl2YWNydXo=	BUILTIN_HIVACRUZ_COLOR_SCHEME_TOML
SG9tZWJyZXc=	BUILTIN_HOMEBREW_COLOR_SCHEME_TOML
SG9tZWJyZXcgKEdvZ2gp	BUILTIN_HOMEBREW_GOGH_COLOR_SCHEME_TOML
SG9tZWJyZXcgTGlnaHQgKEdvZ2gp	BUILTIN_TERMINAL_BASIC_COLOR_SCHEME_TOML
SG9tZWJyZXcgT2NlYW4gKEdvZ2gp	BUILTIN_OCEAN_COLOR_SCHEME_TOML
SG9wc2NvdGNo	BUILTIN_HOPSCOTCH_COLOR_SCHEME_TOML
SG9wc2NvdGNoIChiYXNlMTYp	BUILTIN_HOPSCOTCH_256_COLOR_SCHEME_TOML
SG9wc2NvdGNoLjI1Ng==	BUILTIN_HOPSCOTCH_256_COLOR_SCHEME_TOML
SG9yaXpvbiBCcmlnaHQgKEdvZ2gp	BUILTIN_HORIZON_BRIGHT_GOGH_COLOR_SCHEME_TOML
SG9yaXpvbiBEYXJrIChHb2doKQ==	BUILTIN_HORIZON_DARK_GOGH_COLOR_SCHEME_TOML
SG9yaXpvbiBEYXJrIChiYXNlMTYp	BUILTIN_HORIZON_DARK_BASE16_COLOR_SCHEME_TOML
SG9yaXpvbiBMaWdodCAoYmFzZTE2KQ==	BUILTIN_HORIZON_LIGHT_BASE16_COLOR_SCHEME_TOML
SG9yaXpvbkJyaWdodCAoR29naCk=	BUILTIN_HORIZON_BRIGHT_GOGH_COLOR_SCHEME_TOML
SG9yaXpvbkRhcmsgKEdvZ2gp	BUILTIN_HORIZON_DARK_GOGH_COLOR_SCHEME_TOML
SHVtYW5vaWQgZGFyayAoYmFzZTE2KQ==	BUILTIN_HUMANOID_DARK_BASE16_COLOR_SCHEME_TOML
SHVtYW5vaWQgbGlnaHQgKGJhc2UxNik=	BUILTIN_HUMANOID_LIGHT_BASE16_COLOR_SCHEME_TOML
SHVydGFkbw==	BUILTIN_HURTADO_COLOR_SCHEME_TOML
SHVydGFkbyAoR29naCk=	BUILTIN_HURTADO_GOGH_COLOR_SCHEME_TOML
SHlicmlk	BUILTIN_HYBRID_COLOR_SCHEME_TOML
SHlicmlkIChHb2doKQ==	BUILTIN_HYBRID_GOGH_COLOR_SCHEME_TOML
SHlicmlkICh0ZXJtaW5hbC5zZXh5KQ==	BUILTIN_HYBRID_TERMINAL_SEXY_COLOR_SCHEME_TOML
SUJNMzI3MChIaWdoQ29udHJhc3QpIChHb2doKQ==	BUILTIN_IBM_3270_HIGH_CONTRAST_GOGH_COLOR_SCHEME_TOML
SUNHcmVlblBQTCAoR29naCk=	BUILTIN_IC_GREEN_PPL_GOGH_COLOR_SCHEME_TOML
SUNPcmFuZ2VQUEwgKEdvZ2gp	BUILTIN_IC_ORANGE_PPL_COLOR_SCHEME_TOML
SUNfR3JlZW5fUFBM	BUILTIN_IC_GREEN_PPL_COLOR_SCHEME_TOML
SUNfT3JhbmdlX1BQTA==	BUILTIN_IC_ORANGE_PPL_COLOR_SCHEME_TOML
SVIgQmxhY2sgKGJhc2UxNik=	BUILTIN_IR_BLACK_BASE16_COLOR_SCHEME_TOML
SVJfQmxhY2s=	BUILTIN_IR_BLACK_COLOR_SCHEME_TOML
SWJtIDMyNzAgKEhpZ2ggQ29udHJhc3QpIChHb2doKQ==	BUILTIN_IBM_3270_HIGH_CONTRAST_GOGH_COLOR_SCHEME_TOML
SWJtMzI3MCAoR29naCk=	BUILTIN_IBM3270_GOGH_COLOR_SCHEME_TOML
SWMgR3JlZW4gUHBsIChHb2doKQ==	BUILTIN_IC_GREEN_PPL_GOGH_COLOR_SCHEME_TOML
SWMgT3JhbmdlIFBwbCAoR29naCk=	BUILTIN_IC_ORANGE_PPL_COLOR_SCHEME_TOML
SWNlYmVyZyAoR29naCk=	BUILTIN_ICEBERG_GOGH_COLOR_SCHEME_TOML
SWN5IERhcmsgKGJhc2UxNik=	BUILTIN_ICY_DARK_BASE16_COLOR_SCHEME_TOML
SWRsZSBUb2VzIChHb2doKQ==	BUILTIN_IDLETOES_COLOR_SCHEME_TOML
SWRsZVRvZXMgKEdvZ2gp	BUILTIN_IDLETOES_COLOR_SCHEME_TOML
SWlhbWJsYWNrICh0ZXJtaW5hbC5zZXh5KQ==	BUILTIN_IIAMBLACK_TERMINAL_SEXY_COLOR_SCHEME_TOML
SW5zaWduaWZpY2F0byAodGVybWluYWwuc2V4eSk=	BUILTIN_INSIGNIFICATO_TERMINAL_SEXY_COLOR_SCHEME_TOML
SW52aXNpYm9uZSAodGVybWluYWwuc2V4eSk=	BUILTIN_INVISIBONE_TERMINAL_SEXY_COLOR_SCHEME_TOML
SXIgQmxhY2sgKEdvZ2gp	BUILTIN_IR_BLACK_GOGH_COLOR_SCHEME_TOML
SXJCbGFjayAoR29naCk=	BUILTIN_IR_BLACK_GOGH_COLOR_SCHEME_TOML
SXNvdG9wZSAoYmFzZTE2KQ==	BUILTIN_ISOTOPE_BASE16_COLOR_SCHEME_TOML
SXNvdG9wZSAoZGFyaykgKHRlcm1pbmFsLnNleHkp	BUILTIN_ISOTOPE_DARK_TERMINAL_SEXY_COLOR_SCHEME_TOML
SXNvdG9wZSAobGlnaHQpICh0ZXJtaW5hbC5zZXh5KQ==	BUILTIN_ISOTOPE_LIGHT_TERMINAL_SEXY_COLOR_SCHEME_TOML
SXZvcnkgRGFyayAodGVybWluYWwuc2V4eSk=	BUILTIN_IVORY_DARK_TERMINAL_SEXY_COLOR_SCHEME_TOML
SXZvcnkgTGlnaHQgKHRlcm1pbmFsLnNleHkp	BUILTIN_IVORY_LIGHT_TERMINAL_SEXY_COLOR_SCHEME_TOML
SldSIGRhcmsgKHRlcm1pbmFsLnNleHkp	BUILTIN_JWR_DARK_TERMINAL_SEXY_COLOR_SCHEME_TOML
SmFja2llIEJyb3du	BUILTIN_JACKIE_BROWN_COLOR_SCHEME_TOML
SmFja2llIEJyb3duIChHb2doKQ==	BUILTIN_JACKIE_BROWN_GOGH_COLOR_SCHEME_TOML
SmFja2llQnJvd24gKEdvZ2gp	BUILTIN_JACKIE_BROWN_COLOR_SCHEME_TOML
SmFwYW5lc3F1ZQ==	BUILTIN_JAPANESQUE_COLOR_SCHEME_TOML
SmFwYW5lc3F1ZSAoR29naCk=	BUILTIN_JAPANESQUE_GOGH_COLOR_SCHEME_TOML
SmFzb24gV3J5YW4gKHRlcm1pbmFsLnNleHkp	BUILTIN_JASON_WRYAN_TERMINAL_SEXY_COLOR_SCHEME_TOML
SmVsbHliZWFucw==	BUILTIN_JELLYBEANS_COLOR_SCHEME_TOML
SmVsbHliZWFucyAoR29naCk=	BUILTIN_JELLYBEANS_GOGH_COLOR_SCHEME_TOML
SmV0QnJhaW5zIERhcmN1bGE=	BUILTIN_JETBRAINS_DARCULA_COLOR_SCHEME_TOML
SnVwIChHb2doKQ==	BUILTIN_JUP_GOGH_COLOR_SCHEME_TOML
S2FuYWdhd2EgKEdvZ2gp	BUILTIN_KANAGAWA_GOGH_COLOR_SCHEME_TOML
S2FuYWdhd2EgRHJhZ29uIChHb2doKQ==	BUILTIN_KANAGAWA_DRAGON_GOGH_COLOR_SCHEME_TOML
S2FzdWdhbm8gKHRlcm1pbmFsLnNleHkp	BUILTIN_KASUGANO_TERMINAL_SEXY_COLOR_SCHEME_TOML
S2liYmxl	BUILTIN_KIBBLE_COLOR_SCHEME_TOML
S2liYmxlIChHb2doKQ==	BUILTIN_KIBBLE_GOGH_COLOR_SCHEME_TOML
S2ltYmVyIChiYXNlMTYp	BUILTIN_KIMBER_BASE16_COLOR_SCHEME_TOML
S29rdWJhbiAoR29naCk=	BUILTIN_KOKUBAN_GOGH_COLOR_SCHEME_TOML
S29sb3JpdA==	BUILTIN_KOLORIT_COLOR_SCHEME_TOML
S29uc29sYXM=	BUILTIN_KONSOLAS_COLOR_SCHEME_TOML
TGFiIEZveA==	BUILTIN_LAB_FOX_COLOR_SCHEME_TOML
TGFzZXI=	BUILTIN_LASER_COLOR_SCHEME_TOML
TGFzZXJ3YXZlIChHb2doKQ==	BUILTIN_LASERWAVE_GOGH_COLOR_SCHEME_TOML
TGF0ZXIgVGhpcyBFdmVuaW5n	BUILTIN_LATER_THIS_EVENING_COLOR_SCHEME_TOML
TGF0ZXIgVGhpcyBFdmVuaW5nIChHb2doKQ==	BUILTIN_LATER_THIS_EVENING_GOGH_COLOR_SCHEME_TOML
TGF0ZXJUaGlzRXZlbmluZyAoR29naCk=	BUILTIN_LATER_THIS_EVENING_COLOR_SCHEME_TOML
TGF2YW5kdWxh	BUILTIN_LAVANDULA_COLOR_SCHEME_TOML
TGF2YW5kdWxhIChHb2doKQ==	BUILTIN_LAVANDULA_GOGH_COLOR_SCHEME_TOML
TGlnaHQgV2hpdGUgKHRlcm1pbmFsLnNleHkp	BUILTIN_LIGHT_WHITE_TERMINAL_SEXY_COLOR_SCHEME_TOML
TGlxdWlkIENhcmJvbiAoR29naCk=	BUILTIN_LIQUIDCARBON_COLOR_SCHEME_TOML
TGlxdWlkIENhcmJvbiBUcmFuc3BhcmVudCAoR29naCk=	BUILTIN_LIQUIDCARBONTRANSPARENT_COLOR_SCHEME_TOML
TGlxdWlkQ2FyYm9u	BUILTIN_LIQUIDCARBON_COLOR_SCHEME_TOML
TGlxdWlkQ2FyYm9uVHJhbnNwYXJlbnQ=	BUILTIN_LIQUIDCARBONTRANSPARENT_COLOR_SCHEME_TOML
TGlxdWlkQ2FyYm9uVHJhbnNwYXJlbnRJbnZlcnNl	BUILTIN_LIQUIDCARBONTRANSPARENTINVERSE_COLOR_SCHEME_TOML
TG9uZG9uIFR1YmUgKGJhc2UxNik=	BUILTIN_LONDON_TUBE_BASE16_COLOR_SCHEME_TOML
TG9uZG9udHViZSAoZGFyaykgKHRlcm1pbmFsLnNleHkp	BUILTIN_LONDONTUBE_DARK_TERMINAL_SEXY_COLOR_SCHEME_TOML
TG9uZG9udHViZSAobGlnaHQpICh0ZXJtaW5hbC5zZXh5KQ==	BUILTIN_LONDONTUBE_LIGHT_TERMINAL_SEXY_COLOR_SCHEME_TOML
TG9zdCBXb29kcyAodGVybWluYWwuc2V4eSk=	BUILTIN_LOST_WOODS_TERMINAL_SEXY_COLOR_SCHEME_TOML
TG93IENvbnRyYXN0ICh0ZXJtaW5hbC5zZXh5KQ==	BUILTIN_LOW_CONTRAST_TERMINAL_SEXY_COLOR_SCHEME_TOML
THVtaWZvbyAodGVybWluYWwuc2V4eSk=	BUILTIN_LUMIFOO_TERMINAL_SEXY_COLOR_SCHEME_TOML
THVuYXJpYSBEYXJrIChHb2doKQ==	BUILTIN_LUNARIA_DARK_GOGH_COLOR_SCHEME_TOML
THVuYXJpYSBFY2xpcHNlIChHb2doKQ==	BUILTIN_LUNARIA_ECLIPSE_GOGH_COLOR_SCHEME_TOML
THVuYXJpYSBMaWdodCAoR29naCk=	BUILTIN_LUNARIA_LIGHT_GOGH_COLOR_SCHEME_TOML
THVuYXJpYURhcmsgKEdvZ2gp	BUILTIN_LUNARIA_DARK_GOGH_COLOR_SCHEME_TOML
THVuYXJpYUVjbGlwc2UgKEdvZ2gp	BUILTIN_LUNARIA_ECLIPSE_GOGH_COLOR_SCHEME_TOML
THVuYXJpYUxpZ2h0IChHb2doKQ==	BUILTIN_LUNARIA_LIGHT_GOGH_COLOR_SCHEME_TOML
TWFjaW50b3NoIChiYXNlMTYp	BUILTIN_MACINTOSH_BASE16_COLOR_SCHEME_TOML
TWFpYSAoR29naCk=	BUILTIN_MAIA_GOGH_COLOR_SCHEME_TOML
TWFuIFBhZ2U=	BUILTIN_MAN_PAGE_COLOR_SCHEME_TOML
TWFuIFBhZ2UgKEdvZ2gp	BUILTIN_MAN_PAGE_GOGH_COLOR_SCHEME_TOML
TWFuUGFnZSAoR29naCk=	BUILTIN_MAN_PAGE_COLOR_SCHEME_TOML
TWFyIChHb2doKQ==	BUILTIN_MAR_GOGH_COLOR_SCHEME_TOML
TWFyaWFuYQ==	BUILTIN_MARIANA_COLOR_SCHEME_TOML
TWFycmFrZXNoIChiYXNlMTYp	BUILTIN_MARRAKESH_BASE16_COLOR_SCHEME_TOML
TWFycmFrZXNoIChkYXJrKSAodGVybWluYWwuc2V4eSk=	BUILTIN_MARRAKESH_DARK_TERMINAL_SEXY_COLOR_SCHEME_TOML
TWFycmFrZXNoIChsaWdodCkgKHRlcm1pbmFsLnNleHkp	BUILTIN_MARRAKESH_LIGHT_TERMINAL_SEXY_COLOR_SCHEME_TOML
TWFzaHVwIENvbG9ycyAodGVybWluYWwuc2V4eSk=	BUILTIN_MASHUP_COLORS_TERMINAL_SEXY_COLOR_SCHEME_TOML
TWF0ZXJpYSAoYmFzZTE2KQ==	BUILTIN_MATERIA_BASE16_COLOR_SCHEME_TOML
TWF0ZXJpYWw=	BUILTIN_MATERIAL_COLOR_SCHEME_TOML
TWF0ZXJpYWwgKEdvZ2gp	BUILTIN_MATERIAL_GOGH_COLOR_SCHEME_TOML
TWF0ZXJpYWwgKGJhc2UxNik=	BUILTIN_MATERIAL_BASE16_COLOR_SCHEME_TOML
TWF0ZXJpYWwgKHRlcm1pbmFsLnNleHkp	BUILTIN_MATERIAL_TERMINAL_SEXY_COLOR_SCHEME_TOML
TWF0ZXJpYWwgRGFya2VyIChiYXNlMTYp	BUILTIN_MATERIAL_DARKER_BASE16_COLOR_SCHEME_TOML
TWF0ZXJpYWwgTGlnaHRlciAoYmFzZTE2KQ==	BUILTIN_MATERIAL_LIGHTER_BASE16_COLOR_SCHEME_TOML
TWF0ZXJpYWwgUGFsZW5pZ2h0IChiYXNlMTYp	BUILTIN_MATERIAL_PALENIGHT_BASE16_COLOR_SCHEME_TOML
TWF0ZXJpYWwgVml2aWQgKGJhc2UxNik=	BUILTIN_MATERIAL_VIVID_BASE16_COLOR_SCHEME_TOML
TWF0ZXJpYWxEYXJr	BUILTIN_MATERIALDARK_COLOR_SCHEME_TOML
TWF0ZXJpYWxEYXJrZXI=	BUILTIN_MATERIALDARKER_COLOR_SCHEME_TOML
TWF0ZXJpYWxEZXNpZ25Db2xvcnM=	BUILTIN_MATERIALDESIGNCOLORS_COLOR_SCHEME_TOML
TWF0ZXJpYWxPY2Vhbg==	BUILTIN_MATERIALOCEAN_COLOR_SCHEME_TOML
TWF0aGlhcw==	BUILTIN_MATHIAS_COLOR_SCHEME_TOML
TWF0aGlhcyAoR29naCk=	BUILTIN_MATHIAS_GOGH_COLOR_SCHEME_TOML
TWF0cml4ICh0ZXJtaW5hbC5zZXh5KQ==	BUILTIN_MATRIX_TERMINAL_SEXY_COLOR_SCHEME_TOML
TWVkYWxsaW9u	BUILTIN_MEDALLION_COLOR_SCHEME_TOML
TWVkYWxsaW9uIChHb2doKQ==	BUILTIN_MEDALLION_GOGH_COLOR_SCHEME_TOML
TWVsbGlmbHVvdXM=	BUILTIN_MELLIFLUOUS_COLOR_SCHEME_TOML
TWVsbG93IFB1cnBsZSAoYmFzZTE2KQ==	BUILTIN_MELLOW_PURPLE_BASE16_COLOR_SCHEME_TOML
TWV4aWNvIExpZ2h0IChiYXNlMTYp	BUILTIN_MEXICO_LIGHT_BASE16_COLOR_SCHEME_TOML
TWlrYWRvICh0ZXJtaW5hbC5zZXh5KQ==	BUILTIN_MIKADO_TERMINAL_SEXY_COLOR_SCHEME_TOML
TWlrYXp1a2kgKHRlcm1pbmFsLnNleHkp	BUILTIN_MIKAZUKI_TERMINAL_SEXY_COLOR_SCHEME_TOML
TWlyYWdl	BUILTIN_MIRAGE_COLOR_SCHEME_TOML
TWlyYW1hcmUgKEdvZ2gp	BUILTIN_MIRAMARE_GOGH_COLOR_SCHEME_TOML
TWlzdGVyaW9zbw==	BUILTIN_MISTERIOSO_COLOR_SCHEME_TOML
TWlzdGVyaW9zbyAoR29naCk=	BUILTIN_MISTERIOSO_GOGH_COLOR_SCHEME_TOML
TWl1IChHb2doKQ==	BUILTIN_BLAZER_COLOR_SCHEME_TOML
TW9jaGEgKGJhc2UxNik=	BUILTIN_MOCHA_BASE16_COLOR_SCHEME_TOML
TW9jaGEgKGRhcmspICh0ZXJtaW5hbC5zZXh5KQ==	BUILTIN_MOCHA_DARK_TERMINAL_SEXY_COLOR_SCHEME_TOML
TW9jaGEgKGxpZ2h0KSAodGVybWluYWwuc2V4eSk=	BUILTIN_MOCHA_LIGHT_TERMINAL_SEXY_COLOR_SCHEME_TOML
TW9kdXMgT3BlcmFuZGkgKEdvZ2gp	BUILTIN_MODUS_OPERANDI_GOGH_COLOR_SCHEME_TOML
TW9kdXMgT3BlcmFuZGkgVGludGVkIChHb2doKQ==	BUILTIN_MODUS_OPERANDI_TINTED_GOGH_COLOR_SCHEME_TOML
TW9kdXMgVml2ZW5kaSAoR29naCk=	BUILTIN_MODUS_VIVENDI_GOGH_COLOR_SCHEME_TOML
TW9kdXMgVml2ZW5kaSBUaW50ZWQgKEdvZ2gp	BUILTIN_MODUS_VIVENDI_TINTED_GOGH_COLOR_SCHEME_TOML
TW9kdXMtT3BlcmFuZGk=	BUILTIN_MODUS_OPERANDI_COLOR_SCHEME_TOML
TW9kdXMtT3BlcmFuZGktRGV1dGVyYW5vcGlh	BUILTIN_MODUS_OPERANDI_DEUTERANOPIA_COLOR_SCHEME_TOML
TW9kdXMtT3BlcmFuZGktVGludGVk	BUILTIN_MODUS_OPERANDI_TINTED_COLOR_SCHEME_TOML
TW9kdXMtT3BlcmFuZGktVHJpdGFub3BpYQ==	BUILTIN_MODUS_OPERANDI_DEUTERANOPIA_COLOR_SCHEME_TOML
TW9kdXMtVml2ZW5kaQ==	BUILTIN_MODUS_VIVENDI_COLOR_SCHEME_TOML
TW9kdXMtVml2ZW5kaS1EZXV0ZXJhbm9waWE=	BUILTIN_MODUS_VIVENDI_DEUTERANOPIA_COLOR_SCHEME_TOML
TW9kdXMtVml2ZW5kaS1UaW50ZWQ=	BUILTIN_MODUS_VIVENDI_TINTED_COLOR_SCHEME_TOML
TW9kdXMtVml2ZW5kaS1Ucml0YW5vcGlh	BUILTIN_MODUS_VIVENDI_TRITANOPIA_COLOR_SCHEME_TOML
TW9sb2thaQ==	BUILTIN_MOLOKAI_COLOR_SCHEME_TOML
TW9sb2thaSAoR29naCk=	BUILTIN_MOLOKAI_GOGH_COLOR_SCHEME_TOML
TW9uYSBMaXNhIChHb2doKQ==	BUILTIN_MONALISA_COLOR_SCHEME_TOML
TW9uYUxpc2E=	BUILTIN_MONALISA_COLOR_SCHEME_TOML
TW9ubyAodGVybWluYWwuc2V4eSk=	BUILTIN_MONO_TERMINAL_SEXY_COLOR_SCHEME_TOML
TW9ubyBBbWJlciAoR29naCk=	BUILTIN_MONO_AMBER_GOGH_COLOR_SCHEME_TOML
TW9ubyBDeWFuIChHb2doKQ==	BUILTIN_MONO_CYAN_GOGH_COLOR_SCHEME_TOML
TW9ubyBHcmVlbiAoR29naCk=	BUILTIN_MONO_GREEN_GOGH_COLOR_SCHEME_TOML
TW9ubyBSZWQgKEdvZ2gp	BUILTIN_MONO_RED_GOGH_COLOR_SCHEME_TOML
TW9ubyBUaGVtZSAodGVybWluYWwuc2V4eSk=	BUILTIN_MONO_THEME_TERMINAL_SEXY_COLOR_SCHEME_TOML
TW9ubyBXaGl0ZSAoR29naCk=	BUILTIN_MONO_WHITE_GOGH_COLOR_SCHEME_TOML
TW9ubyBZZWxsb3cgKEdvZ2gp	BUILTIN_MONO_YELLOW_GOGH_COLOR_SCHEME_TOML
TW9ub2thaSAoYmFzZTE2KQ==	BUILTIN_MONOKAI_BASE16_COLOR_SCHEME_TOML
TW9ub2thaSAoZGFyaykgKHRlcm1pbmFsLnNleHkp	BUILTIN_MONOKAI_DARK_TERMINAL_SEXY_COLOR_SCHEME_TOML
TW9ub2thaSAobGlnaHQpICh0ZXJtaW5hbC5zZXh5KQ==	BUILTIN_MONOKAI_LIGHT_TERMINAL_SEXY_COLOR_SCHEME_TOML
TW9ub2thaSAodGVybWluYWwuc2V4eSk=	BUILTIN_MONOKAI_TERMINAL_SEXY_COLOR_SCHEME_TOML
TW9ub2thaSBEYXJrIChHb2doKQ==	BUILTIN_MONOKAI_DARK_GOGH_COLOR_SCHEME_TOML
TW9ub2thaSBQcm8gKEdvZ2gp	BUILTIN_MONOKAI_PRO_GOGH_COLOR_SCHEME_TOML
TW9ub2thaSBQcm8gUmlzdHJldHRvIChHb2doKQ==	BUILTIN_MONOKAI_PRO_RISTRETTO_GOGH_COLOR_SCHEME_TOML
TW9ub2thaSBSZW1hc3RlcmVk	BUILTIN_MONOKAI_REMASTERED_COLOR_SCHEME_TOML
TW9ub2thaSBTb2Rh	BUILTIN_MONOKAI_SODA_COLOR_SCHEME_TOML
TW9ub2thaSBTb2RhIChHb2doKQ==	BUILTIN_MONOKAI_SODA_GOGH_COLOR_SCHEME_TOML
TW9ub2thaSBWaXZpZA==	BUILTIN_MONOKAI_VIVID_COLOR_SCHEME_TOML
TW9ub2thaURhcmsgKEdvZ2gp	BUILTIN_MONOKAI_DARK_GOGH_COLOR_SCHEME_TOML
TW9ub2thaVBybyAoR29naCk=	BUILTIN_MONOKAI_PRO_GOGH_COLOR_SCHEME_TOML
TW9ub2thaVByb1Jpc3RyZXR0byAoR29naCk=	BUILTIN_MONOKAI_PRO_RISTRETTO_GOGH_COLOR_SCHEME_TOML
TW9ub2thaVNvZGEgKEdvZ2gp	BUILTIN_MONOKAI_SODA_COLOR_SCHEME_TOML
TW9vbmZseSAoR29naCk=	BUILTIN_MOONFLY_GOGH_COLOR_SCHEME_TOML
TW9yYWRhIChHb2doKQ==	BUILTIN_MORADA_GOGH_COLOR_SCHEME_TOML
TW9zdGx5IEJyaWdodCAodGVybWluYWwuc2V4eSk=	BUILTIN_MOSTLY_BRIGHT_TERMINAL_SEXY_COLOR_SCHEME_TOML
TXVzZSAodGVybWluYWwuc2V4eSk=	BUILTIN_MUSE_TERMINAL_SEXY_COLOR_SCHEME_TOML
TjBUY2gySyAoR29naCk=	BUILTIN_N0TCH2K_GOGH_COLOR_SCHEME_TOML
TjB0Y2gyaw==	BUILTIN_N0TCH2K_COLOR_SCHEME_TOML
TmFuY3kgKHRlcm1pbmFsLnNleHkp	BUILTIN_NANCY_TERMINAL_SEXY_COLOR_SCHEME_TOML
TmF0dXJlIFN1ZWRlICh0ZXJtaW5hbC5zZXh5KQ==	BUILTIN_NATURE_SUEDE_TERMINAL_SEXY_COLOR_SCHEME_TOML
TmF2eSBhbmQgSXZvcnkgKHRlcm1pbmFsLnNleHkp	BUILTIN_NAVY_AND_IVORY_TERMINAL_SEXY_COLOR_SCHEME_TOML
TmVidWxhIChiYXNlMTYp	BUILTIN_NEBULA_BASE16_COLOR_SCHEME_TOML
TmVvbg==	BUILTIN_NEON_COLOR_SCHEME_TOML
TmVvbiAodGVybWluYWwuc2V4eSk=	BUILTIN_NEON_TERMINAL_SEXY_COLOR_SCHEME_TOML
TmVvbiBOaWdodCAoR29naCk=	BUILTIN_NEON_NIGHT_GOGH_COLOR_SCHEME_TOML
TmVvcG9saXRhbg==	BUILTIN_NEOPOLITAN_COLOR_SCHEME_TOML
TmVvcG9saXRhbiAoR29naCk=	BUILTIN_NEOPOLITAN_GOGH_COLOR_SCHEME_TOML
TmVwIChHb2doKQ==	BUILTIN_NEP_GOGH_COLOR_SCHEME_TOML
TmV1dHJvbg==	BUILTIN_NEUTRON_COLOR_SCHEME_TOML
TmV1dHJvbiAoR29naCk=	BUILTIN_NEUTRON_GOGH_COLOR_SCHEME_TOML
TmlnaHQgT3dsIChHb2doKQ==	BUILTIN_NIGHT_OWL_GOGH_COLOR_SCHEME_TOML
TmlnaHQgT3dsaXNoIExpZ2h0	BUILTIN_NIGHT_OWLISH_LIGHT_COLOR_SCHEME_TOML
TmlnaHRMaW9uIHYx	BUILTIN_NIGHTLION_V1_COLOR_SCHEME_TOML
TmlnaHRMaW9uIHYy	BUILTIN_NIGHTLION_V2_COLOR_SCHEME_TOML
TmlnaHRPd2wgKEdvZ2gp	BUILTIN_NIGHT_OWL_GOGH_COLOR_SCHEME_TOML
TmlnaHRmbHkgKEdvZ2gp	BUILTIN_NIGHTFLY_GOGH_COLOR_SCHEME_TOML
TmlnaHRsaW9uIFYxIChHb2doKQ==	BUILTIN_NIGHTLION_V1_GOGH_COLOR_SCHEME_TOML
TmlnaHRsaW9uIFYyIChHb2doKQ==	BUILTIN_NIGHTLION_V2_GOGH_COLOR_SCHEME_TOML
TmlnaHRsaW9uVjEgKEdvZ2gp	BUILTIN_NIGHTLION_V1_COLOR_SCHEME_TOML
TmlnaHRsaW9uVjIgKEdvZ2gp	BUILTIN_NIGHTLION_V2_COLOR_SCHEME_TOML
TmlnaHR5IChHb2doKQ==	BUILTIN_NIGHTY_GOGH_COLOR_SCHEME_TOML
Tm9jdHVybmFsIFdpbnRlcg==	BUILTIN_NOCTURNAL_WINTER_COLOR_SCHEME_TOML
Tm9yZCAoR29naCk=	BUILTIN_NORD_GOGH_COLOR_SCHEME_TOML
Tm9yZCAoYmFzZTE2KQ==	BUILTIN_NORD_BASE16_COLOR_SCHEME_TOML
Tm9yZCBMaWdodCAoR29naCk=	BUILTIN_NORD_LIGHT_GOGH_COLOR_SCHEME_TOML
Tm9yZExpZ2h0IChHb2doKQ==	BUILTIN_NORD_LIGHT_GOGH_COLOR_SCHEME_TOML
Tm92YSAoYmFzZTE2KQ==	BUILTIN_NOVA_BASE16_COLOR_SCHEME_TOML
Tm92ZWw=	BUILTIN_NOVEL_COLOR_SCHEME_TOML
Tm92ZWwgKEdvZ2gp	BUILTIN_NOVEL_GOGH_COLOR_SCHEME_TOML
TnVjb2xvcnMgKHRlcm1pbmFsLnNleHkp	BUILTIN_NUCOLORS_TERMINAL_SEXY_COLOR_SCHEME_TOML
TnVkZ2UgKHRlcm1pbmFsLnNleHkp	BUILTIN_NUDGE_TERMINAL_SEXY_COLOR_SCHEME_TOML
TnVtaXggRGFya2VzdCAodGVybWluYWwuc2V4eSk=	BUILTIN_NUMIX_DARKEST_TERMINAL_SEXY_COLOR_SCHEME_TOML
TnZpbURhcms=	BUILTIN_NVIMDARK_COLOR_SCHEME_TOML
TnZpbUxpZ2h0	BUILTIN_NVIMLIGHT_COLOR_SCHEME_TOML
T2JzaWRpYW4=	BUILTIN_OBSIDIAN_COLOR_SCHEME_TOML
T2JzaWRpYW4gKEdvZ2gp	BUILTIN_OBSIDIAN_GOGH_COLOR_SCHEME_TOML
T2NlYW4=	BUILTIN_OCEAN_COLOR_SCHEME_TOML
T2NlYW4gKGJhc2UxNik=	BUILTIN_OCEAN_BASE16_COLOR_SCHEME_TOML
T2NlYW4gKGRhcmspICh0ZXJtaW5hbC5zZXh5KQ==	BUILTIN_OCEAN_DARK_TERMINAL_SEXY_COLOR_SCHEME_TOML
T2NlYW4gKGxpZ2h0KSAodGVybWluYWwuc2V4eSk=	BUILTIN_OCEAN_LIGHT_TERMINAL_SEXY_COLOR_SCHEME_TOML
T2NlYW4gRGFyayAoR29naCk=	BUILTIN_OCEAN_DARK_GOGH_COLOR_SCHEME_TOML
T2NlYW5EYXJrIChHb2doKQ==	BUILTIN_OCEAN_DARK_GOGH_COLOR_SCHEME_TOML
T2NlYW5pYyBOZXh0IChHb2doKQ==	BUILTIN_OCEANIC_NEXT_COLOR_SCHEME_TOML
T2NlYW5pYy1OZXh0	BUILTIN_OCEANIC_NEXT_COLOR_SCHEME_TOML
T2NlYW5pY01hdGVyaWFs	BUILTIN_OCEANICMATERIAL_COLOR_SCHEME_TOML
T2NlYW5pY05leHQgKEdvZ2gp	BUILTIN_OCEANIC_NEXT_COLOR_SCHEME_TOML
T2NlYW5pY05leHQgKGJhc2UxNik=	BUILTIN_OCEANICNEXT_BASE16_COLOR_SCHEME_TOML
T2xsaWU=	BUILTIN_OLLIE_COLOR_SCHEME_TOML
T2xsaWUgKEdvZ2gp	BUILTIN_OLLIE_GOGH_COLOR_SCHEME_TOML
T21uaSAoR29naCk=	BUILTIN_OMNI_GOGH_COLOR_SCHEME_TOML
T25lIERhcmsgKEdvZ2gp	BUILTIN_ONE_DARK_GOGH_COLOR_SCHEME_TOML
T25lIEhhbGYgQmxhY2sgKEdvZ2gp	BUILTIN_ONE_HALF_BLACK_GOGH_COLOR_SCHEME_TOML
T25lIExpZ2h0IChHb2doKQ==	BUILTIN_ONE_LIGHT_GOGH_COLOR_SCHEME_TOML
T25lIExpZ2h0IChiYXNlMTYp	BUILTIN_ONE_LIGHT_BASE16_COLOR_SCHEME_TOML
T25lRGFyayAoR29naCk=	BUILTIN_ONE_DARK_GOGH_COLOR_SCHEME_TOML
T25lRGFyayAoYmFzZTE2KQ==	BUILTIN_ONEDARK_BASE16_COLOR_SCHEME_TOML
T25lSGFsZkJsYWNrIChHb2doKQ==	BUILTIN_ONE_HALF_BLACK_GOGH_COLOR_SCHEME_TOML
T25lSGFsZkRhcms=	BUILTIN_ONEHALFDARK_COLOR_SCHEME_TOML
T25lSGFsZkxpZ2h0	BUILTIN_ONEHALFLIGHT_COLOR_SCHEME_TOML
T25lTGlnaHQgKEdvZ2gp	BUILTIN_ONE_LIGHT_GOGH_COLOR_SCHEME_TOML
T3BlcmF0b3IgTW9ubyBEYXJr	BUILTIN_OPERATOR_MONO_DARK_COLOR_SCHEME_TOML
T3Jhbmdpc2ggKHRlcm1pbmFsLnNleHkp	BUILTIN_ORANGISH_TERMINAL_SEXY_COLOR_SCHEME_TOML
T3V0cnVuIERhcmsgKGJhc2UxNik=	BUILTIN_OUTRUN_DARK_BASE16_COLOR_SCHEME_TOML
T3Zlcm5pZ2h0IFNsdW1iZXI=	BUILTIN_OVERNIGHT_SLUMBER_COLOR_SCHEME_TOML
T3hvY2FyYm9uIERhcmsgKEdvZ2gp	BUILTIN_OXOCARBON_DARK_GOGH_COLOR_SCHEME_TOML
UGFsZU5pZ2h0SEM=	BUILTIN_PALENIGHTHC_COLOR_SCHEME_TOML
UGFsZW5pZ2h0IChHb2doKQ==	BUILTIN_PALENIGHT_GOGH_COLOR_SCHEME_TOML
UGFsaSAoR29naCk=	BUILTIN_PALI_GOGH_COLOR_SCHEME_TOML
UGFuZGEgKEdvZ2gp	BUILTIN_PANDA_GOGH_COLOR_SCHEME_TOML
UGFuZG9yYQ==	BUILTIN_PANDORA_COLOR_SCHEME_TOML
UGFuZWxzICh0ZXJtaW5hbC5zZXh5KQ==	BUILTIN_PANELS_TERMINAL_SEXY_COLOR_SCHEME_TOML
UGFwZXIgKEdvZ2gp	BUILTIN_PAPER_GOGH_COLOR_SCHEME_TOML
UGFwZXJDb2xvciBEYXJrIChiYXNlMTYp	BUILTIN_PAPERCOLOR_DARK_BASE16_COLOR_SCHEME_TOML
UGFwZXJDb2xvciBMaWdodCAoYmFzZTE2KQ==	BUILTIN_PAPERCOLOR_LIGHT_BASE16_COLOR_SCHEME_TOML
UGFwZXJDb2xvckRhcmsgKEdvZ2gp	BUILTIN_PAPERCOLOR_DARK_GOGH_COLOR_SCHEME_TOML
UGFwZXJDb2xvckxpZ2h0IChHb2doKQ==	BUILTIN_PAPERCOLOR_LIGHT_GOGH_COLOR_SCHEME_TOML
UGFwZXJjb2xvciBEYXJrIChHb2doKQ==	BUILTIN_PAPERCOLOR_DARK_GOGH_COLOR_SCHEME_TOML
UGFwZXJjb2xvciBMaWdodCAoR29naCk=	BUILTIN_PAPERCOLOR_LIGHT_GOGH_COLOR_SCHEME_TOML
UGFyYWlzbyAoYmFzZTE2KQ==	BUILTIN_PARAISO_DARK_COLOR_SCHEME_TOML
UGFyYWlzbyAoZGFyaykgKHRlcm1pbmFsLnNleHkp	BUILTIN_PARAISO_DARK_COLOR_SCHEME_TOML
UGFyYWlzbyAobGlnaHQpICh0ZXJtaW5hbC5zZXh5KQ==	BUILTIN_PARAISO_LIGHT_TERMINAL_SEXY_COLOR_SCHEME_TOML
UGFyYWlzbyBEYXJr	BUILTIN_PARAISO_DARK_COLOR_SCHEME_TOML
UGFyYWlzbyBEYXJrIChHb2doKQ==	BUILTIN_PARAISO_DARK_GOGH_COLOR_SCHEME_TOML
UGFyYWlzb0RhcmsgKEdvZ2gp	BUILTIN_PARAISO_DARK_COLOR_SCHEME_TOML
UGFya2VyIEJyb3RoZXJzICh0ZXJtaW5hbC5zZXh5KQ==	BUILTIN_PARKER_BROTHERS_TERMINAL_SEXY_COLOR_SCHEME_TOML
UGFzcXVlIChiYXNlMTYp	BUILTIN_PASQUE_BASE16_COLOR_SCHEME_TOML
UGFzdGVsIFdoaXRlICh0ZXJtaW5hbC5zZXh5KQ==	BUILTIN_PASTEL_WHITE_TERMINAL_SEXY_COLOR_SCHEME_TOML
UGF1bCBNaWxsciAoR29naCk=	BUILTIN_PAUL_MILLR_GOGH_COLOR_SCHEME_TOML
UGF1bE1pbGxy	BUILTIN_PAULMILLR_COLOR_SCHEME_TOML
UGF1bE1pbGxyIChHb2doKQ==	BUILTIN_PAUL_MILLR_GOGH_COLOR_SCHEME_TOML
UGVuY2lsIERhcmsgKEdvZ2gp	BUILTIN_PENCILDARK_COLOR_SCHEME_TOML
UGVuY2lsIExpZ2h0IChHb2doKQ==	BUILTIN_PENCILLIGHT_COLOR_SCHEME_TOML
UGVuY2lsRGFyaw==	BUILTIN_PENCILDARK_COLOR_SCHEME_TOML
UGVuY2lsTGlnaHQ=	BUILTIN_PENCILLIGHT_COLOR_SCHEME_TOML
UGVwcGVybWludA==	BUILTIN_PEPPERMINT_COLOR_SCHEME_TOML
UGVwcGVybWludCAoR29naCk=	BUILTIN_PEPPERMINT_GOGH_COLOR_SCHEME_TOML
UGhEIChiYXNlMTYp	BUILTIN_PHD_BASE16_COLOR_SCHEME_TOML
UGhyYWsxICh0ZXJtaW5hbC5zZXh5KQ==	BUILTIN_PHRAK1_TERMINAL_SEXY_COLOR_SCHEME_TOML
UGlhdHRvIExpZ2h0	BUILTIN_PIATTO_LIGHT_COLOR_SCHEME_TOML
UGljbyAoYmFzZTE2KQ==	BUILTIN_PICO_BASE16_COLOR_SCHEME_TOML
UGl4aWVmbG9zcyAoR29naCk=	BUILTIN_PIXIEFLOSS_GOGH_COLOR_SCHEME_TOML
UG5ldm1h	BUILTIN_PNEVMA_COLOR_SCHEME_TOML
UG5ldm1hIChHb2doKQ==	BUILTIN_PNEVMA_GOGH_COLOR_SCHEME_TOML
UG9pbWFuZHJlcw==	BUILTIN_POIMANDRES_COLOR_SCHEME_TOML
UG9pbWFuZHJlcyBTdG9ybQ==	BUILTIN_POIMANDRES_STORM_COLOR_SCHEME_TOML
UG9wIChiYXNlMTYp	BUILTIN_POP_BASE16_COLOR_SCHEME_TOML
UG9wcGluZyBhbmQgTG9ja2luZw==	BUILTIN_POPPING_AND_LOCKING_COLOR_SCHEME_TOML
UG9ycGxlIChiYXNlMTYp	BUILTIN_PORPLE_BASE16_COLOR_SCHEME_TOML
UG93ZXJTaGVsbCAoR29naCk=	BUILTIN_POWERSHELL_GOGH_COLOR_SCHEME_TOML
UG93ZXJzaGVsbCAoR29naCk=	BUILTIN_POWERSHELL_GOGH_COLOR_SCHEME_TOML
UHJlZGF3biAoR29naCk=	BUILTIN_PREDAWN_GOGH_COLOR_SCHEME_TOML
UHJldHR5IGFuZCBQYXN0ZWwgKHRlcm1pbmFsLnNleHkp	BUILTIN_PRETTY_AND_PASTEL_TERMINAL_SEXY_COLOR_SCHEME_TOML
UHJv	BUILTIN_PRO_COLOR_SCHEME_TOML
UHJvIChHb2doKQ==	BUILTIN_PRO_GOGH_COLOR_SCHEME_TOML
UHJvIExpZ2h0	BUILTIN_PRO_LIGHT_COLOR_SCHEME_TOML
UHVscCAodGVybWluYWwuc2V4eSk=	BUILTIN_PULP_TERMINAL_SEXY_COLOR_SCHEME_TOML
UHVycGxlIFBlb3BsZSBFYXRlciAoR29naCk=	BUILTIN_PURPLE_PEOPLE_EATER_GOGH_COLOR_SCHEME_TOML
UHVycGxlIFJhaW4=	BUILTIN_PURPLE_RAIN_COLOR_SCHEME_TOML
UHVycGxlUGVvcGxlRWF0ZXIgKEdvZ2gp	BUILTIN_PURPLE_PEOPLE_EATER_GOGH_COLOR_SCHEME_TOML
UHVycGxlZHJlYW0gKGJhc2UxNik=	BUILTIN_PURPLEDREAM_BASE16_COLOR_SCHEME_TOML
UXVhbGlhIChiYXNlMTYp	BUILTIN_QUALIA_BASE16_COLOR_SCHEME_TOML
UXVpZXQgKEdvZ2gp	BUILTIN_QUIET_GOGH_COLOR_SCHEME_TOML
UmFpbHNjYXN0cyAoYmFzZTE2KQ==	BUILTIN_RAILSCASTS_BASE16_COLOR_SCHEME_TOML
UmFpbHNjYXN0cyAoZGFyaykgKHRlcm1pbmFsLnNleHkp	BUILTIN_RAILSCASTS_DARK_TERMINAL_SEXY_COLOR_SCHEME_TOML
UmFpbHNjYXN0cyAobGlnaHQpICh0ZXJtaW5hbC5zZXh5KQ==	BUILTIN_RAILSCASTS_LIGHT_TERMINAL_SEXY_COLOR_SCHEME_TOML
UmFwdHVyZQ==	BUILTIN_RAPTURE_COLOR_SCHEME_TOML
UmFzaSAodGVybWluYWwuc2V4eSk=	BUILTIN_RASI_TERMINAL_SEXY_COLOR_SCHEME_TOML
UmF5Y2FzdF9EYXJr	BUILTIN_RAYCAST_DARK_COLOR_SCHEME_TOML
UmF5Y2FzdF9MaWdodA==	BUILTIN_RAYCAST_LIGHT_COLOR_SCHEME_TOML
UmViZWNjYSAoYmFzZTE2KQ==	BUILTIN_REBECCA_BASE16_COLOR_SCHEME_TOML
UmVkIEFsZXJ0	BUILTIN_RED_ALERT_COLOR_SCHEME_TOML
UmVkIEFsZXJ0IChHb2doKQ==	BUILTIN_RED_ALERT_GOGH_COLOR_SCHEME_TOML
UmVkIFBob2VuaXggKHRlcm1pbmFsLnNleHkp	BUILTIN_RED_PHOENIX_TERMINAL_SEXY_COLOR_SCHEME_TOML
UmVkIFBsYW5ldA==	BUILTIN_RED_PLANET_COLOR_SCHEME_TOML
UmVkIFNhbmRz	BUILTIN_RED_SANDS_COLOR_SCHEME_TOML
UmVkIFNhbmRzIChHb2doKQ==	BUILTIN_RED_SANDS_GOGH_COLOR_SCHEME_TOML
UmVkQWxlcnQgKEdvZ2gp	BUILTIN_RED_ALERT_COLOR_SCHEME_TOML
UmVkU2FuZHMgKEdvZ2gp	BUILTIN_RED_SANDS_COLOR_SCHEME_TOML
UmVsYXhlZA==	BUILTIN_RELAXED_COLOR_SCHEME_TOML
UmVsYXhlZCAoR29naCk=	BUILTIN_RELAXED_GOGH_COLOR_SCHEME_TOML
UmV0cm8=	BUILTIN_RETRO_COLOR_SCHEME_TOML
UmV6emEgKHRlcm1pbmFsLnNleHkp	BUILTIN_REZZA_TERMINAL_SEXY_COLOR_SCHEME_TOML
UmlwcGVkY2FzdHM=	BUILTIN_RIPPEDCASTS_COLOR_SCHEME_TOML
UmlwcGVkY2FzdHMgKEdvZ2gp	BUILTIN_RIPPEDCASTS_GOGH_COLOR_SCHEME_TOML
Um9zw6kgUGluZSAoR29naCk=	BUILTIN_ROSE_PINE_GOGH_COLOR_SCHEME_TOML
Um9zw6kgUGluZSAoYmFzZTE2KQ==	BUILTIN_ROSE_PINE_BASE16_COLOR_SCHEME_TOML
Um9zw6kgUGluZSBEYXduIChHb2doKQ==	BUILTIN_ROSE_PINE_DAWN_GOGH_COLOR_SCHEME_TOML
Um9zw6kgUGluZSBEYXduIChiYXNlMTYp	BUILTIN_ROSE_PINE_DAWN_BASE16_COLOR_SCHEME_TOML
Um9zw6kgUGluZSBNb29uIChHb2doKQ==	BUILTIN_ROSE_PINE_MOON_GOGH_COLOR_SCHEME_TOML
Um9zw6kgUGluZSBNb29uIChiYXNlMTYp	BUILTIN_ROSE_PINE_MOON_BASE16_COLOR_SCHEME_TOML
Um9zw6lQaW5lIChHb2doKQ==	BUILTIN_ROSE_PINE_COLOR_SCHEME_TOML
Um9zw6lQaW5lRGF3biAoR29naCk=	BUILTIN_ROSE_PINE_DAWN_COLOR_SCHEME_TOML
Um9zw6lQaW5lTW9vbiAoR29naCk=	BUILTIN_ROSE_PINE_MOON_COLOR_SCHEME_TOML
Um91Z2UgMg==	BUILTIN_ROUGE_2_COLOR_SCHEME_TOML
Um95YWw=	BUILTIN_ROYAL_COLOR_SCHEME_TOML
Um95YWwgKEdvZ2gp	BUILTIN_ROYAL_GOGH_COLOR_SCHEME_TOML
UnlkZ2VsICh0ZXJtaW5hbC5zZXh5KQ==	BUILTIN_RYDGEL_TERMINAL_SEXY_COLOR_SCHEME_TOML
Unl1dWtv	BUILTIN_RYUUKO_COLOR_SCHEME_TOML
U09TICh0ZXJtaW5hbC5zZXh5KQ==	BUILTIN_SOS_TERMINAL_SEXY_COLOR_SCHEME_TOML
U2FnZWxpZ2h0IChiYXNlMTYp	BUILTIN_SAGELIGHT_BASE16_COLOR_SCHEME_TOML
U2FrdXJh	BUILTIN_SAKURA_COLOR_SCHEME_TOML
U2FrdXJhIChiYXNlMTYp	BUILTIN_SAKURA_BASE16_COLOR_SCHEME_TOML
U2FuZGNhc3RsZSAoYmFzZTE2KQ==	BUILTIN_SANDCASTLE_BASE16_COLOR_SCHEME_TOML
U2F0IChHb2doKQ==	BUILTIN_SAT_GOGH_COLOR_SCHEME_TOML
U2NhcmxldCBQcm90b2NvbA==	BUILTIN_SCARLET_PROTOCOL_COLOR_SCHEME_TOML
U2VhIFNoZWxscyAoR29naCk=	BUILTIN_SEASHELLS_COLOR_SCHEME_TOML
U2VhU2hlbGxz	BUILTIN_SEASHELLS_COLOR_SCHEME_TOML
U2VhZm9hbSBQYXN0ZWw=	BUILTIN_SEAFOAM_PASTEL_COLOR_SCHEME_TOML
U2VhZm9hbSBQYXN0ZWwgKEdvZ2gp	BUILTIN_SEAFOAM_PASTEL_GOGH_COLOR_SCHEME_TOML
U2VhZm9hbVBhc3RlbCAoR29naCk=	BUILTIN_SEAFOAM_PASTEL_COLOR_SCHEME_TOML
U2VsZW5pemVkIEJsYWNrIChHb2doKQ==	BUILTIN_SELENIZED_BLACK_GOGH_COLOR_SCHEME_TOML
U2VsZW5pemVkIERhcmsgKEdvZ2gp	BUILTIN_SELENIZED_DARK_GOGH_COLOR_SCHEME_TOML
U2VsZW5pemVkIExpZ2h0IChHb2doKQ==	BUILTIN_SELENIZED_LIGHT_GOGH_COLOR_SCHEME_TOML
U2VsZW5pemVkIFdoaXRlIChHb2doKQ==	BUILTIN_SELENIZED_WHITE_GOGH_COLOR_SCHEME_TOML
U2VvdWwyNTYgKEdvZ2gp	BUILTIN_SEOUL256_GOGH_COLOR_SCHEME_TOML
U2VvdWwyNTYgTGlnaHQgKEdvZ2gp	BUILTIN_SEOUL256_LIGHT_GOGH_COLOR_SCHEME_TOML
U2VxdW9pYSBNb25vY2hyb21l	BUILTIN_SEQUOIA_MONOCHROME_COLOR_SCHEME_TOML
U2VxdW9pYSBNb29ubGlnaHQ=	BUILTIN_SEQUOIA_MOONLIGHT_COLOR_SCHEME_TOML
U2V0aQ==	BUILTIN_SETI_COLOR_SCHEME_TOML
U2V0aSAoR29naCk=	BUILTIN_SETI_GOGH_COLOR_SCHEME_TOML
U2V0aSBVSSAoYmFzZTE2KQ==	BUILTIN_SETI_UI_BASE16_COLOR_SCHEME_TOML
U2V4IENvbG9ycyAodGVybWluYWwuc2V4eSk=	BUILTIN_SEX_COLORS_TERMINAL_SEXY_COLOR_SCHEME_TOML
U2hhZGVzIG9mIFB1cnBsZSAoYmFzZTE2KQ==	BUILTIN_SHADES_OF_PURPLE_BASE16_COLOR_SCHEME_TOML
U2hhbWFu	BUILTIN_SHAMAN_COLOR_SCHEME_TOML
U2hhbWFuIChHb2doKQ==	BUILTIN_SHAMAN_GOGH_COLOR_SCHEME_TOML
U2hhcGVzaGlmdGVyIChiYXNlMTYp	BUILTIN_SHAPESHIFTER_BASE16_COLOR_SCHEME_TOML
U2hhcGVzaGlmdGVyIChkYXJrKSAodGVybWluYWwuc2V4eSk=	BUILTIN_SHAPESHIFTER_DARK_TERMINAL_SEXY_COLOR_SCHEME_TOML
U2hhcGVzaGlmdGVyIChsaWdodCkgKHRlcm1pbmFsLnNleHkp	BUILTIN_SHAPESHIFTER_LIGHT_TERMINAL_SEXY_COLOR_SCHEME_TOML
U2hlbCAoR29naCk=	BUILTIN_SHEL_GOGH_COLOR_SCHEME_TOML
U2hpYyAodGVybWluYWwuc2V4eSk=	BUILTIN_SHIC_TERMINAL_SEXY_COLOR_SCHEME_TOML
U2lsayBEYXJrIChiYXNlMTYp	BUILTIN_SILK_DARK_BASE16_COLOR_SCHEME_TOML
U2lsayBMaWdodCAoYmFzZTE2KQ==	BUILTIN_SILK_LIGHT_BASE16_COLOR_SCHEME_TOML
U2ltcGxlIFJhaW5ib3cgKHRlcm1pbmFsLnNleHkp	BUILTIN_SIMPLE_RAINBOW_TERMINAL_SEXY_COLOR_SCHEME_TOML
U2xhdGU=	BUILTIN_SLATE_COLOR_SCHEME_TOML
U2xhdGUgKEdvZ2gp	BUILTIN_SLATE_GOGH_COLOR_SCHEME_TOML
U2xlZXB5SG9sbG93	BUILTIN_SLEEPYHOLLOW_COLOR_SCHEME_TOML
U215Y2s=	BUILTIN_SMYCK_COLOR_SCHEME_TOML
U215Y2sgKEdvZ2gp	BUILTIN_SMYCK_GOGH_COLOR_SCHEME_TOML
U25henp5	BUILTIN_SNAZZY_COLOR_SCHEME_TOML
U25henp5IChHb2doKQ==	BUILTIN_SNAZZY_GOGH_COLOR_SCHEME_TOML
U25henp5IChiYXNlMTYp	BUILTIN_SNAZZY_BASE16_COLOR_SCHEME_TOML
U29mdCBTZXJ2ZXIgKEdvZ2gp	BUILTIN_SOFTSERVER_COLOR_SCHEME_TOML
U29mdFNlcnZlcg==	BUILTIN_SOFTSERVER_COLOR_SCHEME_TOML
U29sYXIgRmxhcmUgKGJhc2UxNik=	BUILTIN_SOLAR_FLARE_BASE16_COLOR_SCHEME_TOML
U29sYXIgRmxhcmUgTGlnaHQgKGJhc2UxNik=	BUILTIN_SOLAR_FLARE_LIGHT_BASE16_COLOR_SCHEME_TOML
U29sYXJpemVkIChkYXJrKSAodGVybWluYWwuc2V4eSk=	BUILTIN_SOLARIZED_DARK_TERMINAL_SEXY_COLOR_SCHEME_TOML
U29sYXJpemVkIChsaWdodCkgKHRlcm1pbmFsLnNleHkp	BUILTIN_SOLARIZED_LIGHT_TERMINAL_SEXY_COLOR_SCHEME_TOML
U29sYXJpemVkIERhcmN1bGE=	BUILTIN_SOLARIZED_DARCULA_COLOR_SCHEME_TOML
U29sYXJpemVkIERhcmN1bGEgKEdvZ2gp	BUILTIN_SOLARIZED_DARCULA_GOGH_COLOR_SCHEME_TOML
U29sYXJpemVkIERhcmsgKEdvZ2gp	BUILTIN_SOLARIZED_DARK_GOGH_COLOR_SCHEME_TOML
U29sYXJpemVkIERhcmsgLSBQYXRjaGVk	BUILTIN_SOLARIZED_DARK_PATCHED_COLOR_SCHEME_TOML
U29sYXJpemVkIERhcmsgSGlnaGVyIENvbnRyYXN0	BUILTIN_SOLARIZED_DARK_HIGHER_CONTRAST_COLOR_SCHEME_TOML
U29sYXJpemVkIERhcmsgSGlnaGVyIENvbnRyYXN0IChHb2doKQ==	BUILTIN_SOLARIZED_DARK_HIGHER_CONTRAST_GOGH_COLOR_SCHEME_TOML
U29sYXJpemVkIExpZ2h0IChHb2doKQ==	BUILTIN_SOLARIZED_LIGHT_GOGH_COLOR_SCHEME_TOML
U29sYXJpemVkRGFyY3VsYSAoR29naCk=	BUILTIN_SOLARIZED_DARCULA_COLOR_SCHEME_TOML
U29sYXJpemVkRGFyayAoR29naCk=	BUILTIN_SOLARIZED_DARK_GOGH_COLOR_SCHEME_TOML
U29sYXJpemVkRGFya0hpZ2hlckNvbnRyYXN0IChHb2doKQ==	BUILTIN_SOLARIZED_DARK_HIGHER_CONTRAST_COLOR_SCHEME_TOML
U29sYXJpemVkTGlnaHQgKEdvZ2gp	BUILTIN_SOLARIZED_LIGHT_COLOR_SCHEME_TOML
U29ub2thaSAoR29naCk=	BUILTIN_SONOKAI_GOGH_COLOR_SCHEME_TOML
U3BhY2VHcmF5	BUILTIN_SPACEGRAY_COLOR_SCHEME_TOML
U3BhY2VHcmF5IEVpZ2h0aWVz	BUILTIN_SPACEGRAY_EIGHTIES_COLOR_SCHEME_TOML
U3BhY2VHcmF5IEVpZ2h0aWVzIER1bGw=	BUILTIN_SPACEGRAY_EIGHTIES_DULL_COLOR_SCHEME_TOML
U3BhY2VHcmF5RWlnaHRpZXMgKEdvZ2gp	BUILTIN_SPACEGRAY_EIGHTIES_COLOR_SCHEME_TOML
U3BhY2VHcmF5RWlnaHRpZXNEdWxsIChHb2doKQ==	BUILTIN_SPACEGRAY_EIGHTIES_DULL_COLOR_SCHEME_TOML
U3BhY2VkdXN0	BUILTIN_SPACEDUST_COLOR_SCHEME_TOML
U3BhY2VkdXN0IChHb2doKQ==	BUILTIN_SPACEDUST_GOGH_COLOR_SCHEME_TOML
U3BhY2VncmF5IChHb2doKQ==	BUILTIN_SPACEGRAY_GOGH_COLOR_SCHEME_TOML
U3BhY2VncmF5IEVpZ2h0aWVzIChHb2doKQ==	BUILTIN_SPACEGRAY_EIGHTIES_GOGH_COLOR_SCHEME_TOML
U3BhY2VncmF5IEVpZ2h0aWVzIER1bGwgKEdvZ2gp	BUILTIN_SPACEGRAY_EIGHTIES_DULL_GOGH_COLOR_SCHEME_TOML
U3BhY2VtYWNzIChiYXNlMTYp	BUILTIN_SPACEMACS_BASE16_COLOR_SCHEME_TOML
U3Bhcmt5IChHb2doKQ==	BUILTIN_SPARKY_GOGH_COLOR_SCHEME_TOML
U3BpZGVybWFu	BUILTIN_SPIDERMAN_COLOR_SCHEME_TOML
U3BsdXJnZSAodGVybWluYWwuc2V4eSk=	BUILTIN_SPLURGE_TERMINAL_SEXY_COLOR_SCHEME_TOML
U3ByaW5n	BUILTIN_SPRING_COLOR_SCHEME_TOML
U3ByaW5nIChHb2doKQ==	BUILTIN_SPRING_GOGH_COLOR_SCHEME_TOML
U3F1YXJl	BUILTIN_SQUARE_COLOR_SCHEME_TOML
U3F1YXJlIChHb2doKQ==	BUILTIN_SQUARE_GOGH_COLOR_SCHEME_TOML
U3JjZXJ5IChHb2doKQ==	BUILTIN_SRCERY_GOGH_COLOR_SCHEME_TOML
U3VibGV0dGU=	BUILTIN_SUBLETTE_COLOR_SCHEME_TOML
U3VibGltaW5hbA==	BUILTIN_SUBLIMINAL_COLOR_SCHEME_TOML
U3VnYXJwbHVt	BUILTIN_SUGARPLUM_COLOR_SCHEME_TOML
U3VtbWVyIFBvcCAoR29naCk=	BUILTIN_SUMMER_POP_GOGH_COLOR_SCHEME_TOML
U3VtbWVyZnJ1aXQgRGFyayAoYmFzZTE2KQ==	BUILTIN_SUMMERFRUIT_DARK_BASE16_COLOR_SCHEME_TOML
U3VtbWVyZnJ1aXQgTGlnaHQgKGJhc2UxNik=	BUILTIN_SUMMERFRUIT_LIGHT_BASE16_COLOR_SCHEME_TOML
U3VuZHJpZWQ=	BUILTIN_SUNDRIED_COLOR_SCHEME_TOML
U3VuZHJpZWQgKEdvZ2gp	BUILTIN_SUNDRIED_GOGH_COLOR_SCHEME_TOML
U3dheXIgKHRlcm1pbmFsLnNleHkp	BUILTIN_SWAYR_TERMINAL_SEXY_COLOR_SCHEME_TOML
U3dlZXQgRWxpdmVybGFyYSAoR29naCk=	BUILTIN_SWEET_ELIVERLARA_GOGH_COLOR_SCHEME_TOML
U3dlZXQgTG92ZSAodGVybWluYWwuc2V4eSk=	BUILTIN_SWEET_LOVE_TERMINAL_SEXY_COLOR_SCHEME_TOML
U3dlZXQgVGVybWluYWwgKEdvZ2gp	BUILTIN_SWEET_TERMINAL_GOGH_COLOR_SCHEME_TOML
U3dlZXRUZXJtaW5hbCAoR29naCk=	BUILTIN_SWEET_TERMINAL_GOGH_COLOR_SCHEME_TOML
U3ltZm9uaWM=	BUILTIN_SYMFONIC_COLOR_SCHEME_TOML
U3ltcGhvbmljIChHb2doKQ==	BUILTIN_SYMPHONIC_GOGH_COLOR_SCHEME_TOML
U3ludGggTWlkbmlnaHQgVGVybWluYWwgRGFyayAoYmFzZTE2KQ==	BUILTIN_SYNTH_MIDNIGHT_TERMINAL_DARK_BASE16_COLOR_SCHEME_TOML
U3ludGggTWlkbmlnaHQgVGVybWluYWwgTGlnaHQgKGJhc2UxNik=	BUILTIN_SYNTH_MIDNIGHT_TERMINAL_LIGHT_BASE16_COLOR_SCHEME_TOML
U3ludGhXYXZlIChHb2doKQ==	BUILTIN_SYNTHWAVE_GOGH_COLOR_SCHEME_TOML
U3ludGh3YXZlIChHb2doKQ==	BUILTIN_SYNTHWAVE_GOGH_COLOR_SCHEME_TOML
U3ludGh3YXZlIEFscGhhIChHb2doKQ==	BUILTIN_SYNTHWAVE_ALPHA_GOGH_COLOR_SCHEME_TOML
U3ludGh3YXZlQWxwaGE=	BUILTIN_SYNTHWAVE_ALPHA_COLOR_SCHEME_TOML
U3ludGh3YXZlQWxwaGEgKEdvZ2gp	BUILTIN_SYNTHWAVE_ALPHA_GOGH_COLOR_SCHEME_TOML
VGFuZ28gKGJhc2UxNik=	BUILTIN_TANGO_BASE16_COLOR_SCHEME_TOML
VGFuZ28gKHRlcm1pbmFsLnNleHkp	BUILTIN_TANGO_TERMINAL_SEXY_COLOR_SCHEME_TOML
VGFuZ28gQWRhcHRlZA==	BUILTIN_TANGO_ADAPTED_COLOR_SCHEME_TOML
VGFuZ28gSGFsZiBBZGFwdGVk	BUILTIN_TANGO_HALF_ADAPTED_COLOR_SCHEME_TOML
VGFuZ29lc3F1ZSAodGVybWluYWwuc2V4eSk=	BUILTIN_TANGOESQUE_TERMINAL_SEXY_COLOR_SCHEME_TOML
VGFydGFuICh0ZXJtaW5hbC5zZXh5KQ==	BUILTIN_TARTAN_TERMINAL_SEXY_COLOR_SCHEME_TOML
VGVlcmI=	BUILTIN_TEERB_COLOR_SCHEME_TOML
VGVlcmIgKEdvZ2gp	BUILTIN_TEERB_GOGH_COLOR_SCHEME_TOML
VGVuZGVyIChHb2doKQ==	BUILTIN_TENDER_GOGH_COLOR_SCHEME_TOML
VGVybWluYWwgQmFzaWM=	BUILTIN_TERMINAL_BASIC_COLOR_SCHEME_TOML
VGVybWluYWwgQmFzaWMgKEdvZ2gp	BUILTIN_TERMINAL_BASIC_GOGH_COLOR_SCHEME_TOML
VGVybWluYWxCYXNpYyAoR29naCk=	BUILTIN_TERMINAL_BASIC_COLOR_SCHEME_TOML
VGVybWluaXggRGFyayAoR29naCk=	BUILTIN_TERMINIX_DARK_GOGH_COLOR_SCHEME_TOML
VGVybWluaXhEYXJrIChHb2doKQ==	BUILTIN_TERMINIX_DARK_GOGH_COLOR_SCHEME_TOML
VGV2YSAodGVybWluYWwuc2V4eSk=	BUILTIN_TEVA_TERMINAL_SEXY_COLOR_SCHEME_TOML
VGhheWVyIEJyaWdodA==	BUILTIN_THAYER_BRIGHT_COLOR_SCHEME_TOML
VGhheWVyIEJyaWdodCAoR29naCk=	BUILTIN_THAYER_BRIGHT_GOGH_COLOR_SCHEME_TOML
VGhheWVyQnJpZ2h0IChHb2doKQ==	BUILTIN_THAYER_BRIGHT_COLOR_SCHEME_TOML
VGhlIEh1bGs=	BUILTIN_THE_HULK_COLOR_SCHEME_TOML
VGluIChHb2doKQ==	BUILTIN_TIN_GOGH_COLOR_SCHEME_TOML
VGluYWNpb3VzIERlc2lnbiAoRGFyayk=	BUILTIN_TINACIOUS_DESIGN_DARK_COLOR_SCHEME_TOML
VGluYWNpb3VzIERlc2lnbiAoTGlnaHQp	BUILTIN_TINACIOUS_DESIGN_LIGHT_COLOR_SCHEME_TOML
VG9reW8gTmlnaHQ=	BUILTIN_TOKYO_NIGHT_COLOR_SCHEME_TOML
VG9reW8gTmlnaHQgKEdvZ2gp	BUILTIN_TOKYO_NIGHT_GOGH_COLOR_SCHEME_TOML
VG9reW8gTmlnaHQgRGF5	BUILTIN_TOKYO_NIGHT_DAY_COLOR_SCHEME_TOML
VG9reW8gTmlnaHQgTGlnaHQgKEdvZ2gp	BUILTIN_TOKYO_NIGHT_LIGHT_GOGH_COLOR_SCHEME_TOML
VG9reW8gTmlnaHQgTW9vbg==	BUILTIN_TOKYO_NIGHT_MOON_COLOR_SCHEME_TOML
VG9reW8gTmlnaHQgU3Rvcm0=	BUILTIN_TOKYO_NIGHT_STORM_COLOR_SCHEME_TOML
VG9reW8gTmlnaHQgU3Rvcm0gKEdvZ2gp	BUILTIN_TOKYO_NIGHT_STORM_GOGH_COLOR_SCHEME_TOML
VG9reW9OaWdodCAoR29naCk=	BUILTIN_TOKYO_NIGHT_GOGH_COLOR_SCHEME_TOML
VG9reW9OaWdodExpZ2h0IChHb2doKQ==	BUILTIN_TOKYO_NIGHT_LIGHT_GOGH_COLOR_SCHEME_TOML
VG9reW9OaWdodFN0b3JtIChHb2doKQ==	BUILTIN_TOKYO_NIGHT_STORM_GOGH_COLOR_SCHEME_TOML
VG9tb3Jyb3c=	BUILTIN_TOMORROW_COLOR_SCHEME_TOML
VG9tb3Jyb3cgKEdvZ2gp	BUILTIN_TOMORROW_GOGH_COLOR_SCHEME_TOML
VG9tb3Jyb3cgKGRhcmspICh0ZXJtaW5hbC5zZXh5KQ==	BUILTIN_TOMORROW_DARK_TERMINAL_SEXY_COLOR_SCHEME_TOML
VG9tb3Jyb3cgKGxpZ2h0KSAodGVybWluYWwuc2V4eSk=	BUILTIN_TOMORROW_LIGHT_TERMINAL_SEXY_COLOR_SCHEME_TOML
VG9tb3Jyb3cgTmlnaHQ=	BUILTIN_TOMORROW_NIGHT_COLOR_SCHEME_TOML
VG9tb3Jyb3cgTmlnaHQgKEdvZ2gp	BUILTIN_TOMORROW_NIGHT_GOGH_COLOR_SCHEME_TOML
VG9tb3Jyb3cgTmlnaHQgQmx1ZQ==	BUILTIN_TOMORROW_NIGHT_BLUE_COLOR_SCHEME_TOML
VG9tb3Jyb3cgTmlnaHQgQmx1ZSAoR29naCk=	BUILTIN_TOMORROW_NIGHT_BLUE_GOGH_COLOR_SCHEME_TOML
VG9tb3Jyb3cgTmlnaHQgQnJpZ2h0	BUILTIN_TOMORROW_NIGHT_BRIGHT_COLOR_SCHEME_TOML
VG9tb3Jyb3cgTmlnaHQgQnJpZ2h0IChHb2doKQ==	BUILTIN_TOMORROW_NIGHT_BRIGHT_GOGH_COLOR_SCHEME_TOML
VG9tb3Jyb3cgTmlnaHQgQnVybnM=	BUILTIN_TOMORROW_NIGHT_BURNS_COLOR_SCHEME_TOML
VG9tb3Jyb3cgTmlnaHQgRWlnaHRpZXM=	BUILTIN_TOMORROW_NIGHT_EIGHTIES_COLOR_SCHEME_TOML
VG9tb3Jyb3cgTmlnaHQgRWlnaHRpZXMgKEdvZ2gp	BUILTIN_TOMORROW_NIGHT_EIGHTIES_GOGH_COLOR_SCHEME_TOML
VG9tb3Jyb3dOaWdodCAoR29naCk=	BUILTIN_TOMORROW_NIGHT_GOGH_COLOR_SCHEME_TOML
VG9tb3Jyb3dOaWdodEJsdWUgKEdvZ2gp	BUILTIN_TOMORROW_NIGHT_BLUE_GOGH_COLOR_SCHEME_TOML
VG9tb3Jyb3dOaWdodEJyaWdodCAoR29naCk=	BUILTIN_TOMORROW_NIGHT_BRIGHT_GOGH_COLOR_SCHEME_TOML
VG9tb3Jyb3dOaWdodEVpZ2h0aWVzIChHb2doKQ==	BUILTIN_TOMORROW_NIGHT_EIGHTIES_GOGH_COLOR_SCHEME_TOML
VG95IENoZXN0IChHb2doKQ==	BUILTIN_TOY_CHEST_COLOR_SCHEME_TOML
VG95Q2hlc3Q=	BUILTIN_TOY_CHEST_COLOR_SCHEME_TOML
VHJlZWhvdXNl	BUILTIN_TREEHOUSE_COLOR_SCHEME_TOML
VHJlZWhvdXNlIChHb2doKQ==	BUILTIN_TREEHOUSE_GOGH_COLOR_SCHEME_TOML
VHJpbSBZZXIgQmVhcmQgKHRlcm1pbmFsLnNleHkp	BUILTIN_TRIM_YER_BEARD_TERMINAL_SEXY_COLOR_SCHEME_TOML
VHdpbGlnaHQ=	BUILTIN_TWILIGHT_COLOR_SCHEME_TOML
VHdpbGlnaHQgKEdvZ2gp	BUILTIN_TWILIGHT_GOGH_COLOR_SCHEME_TOML
VHdpbGlnaHQgKGJhc2UxNik=	BUILTIN_TWILIGHT_BASE16_COLOR_SCHEME_TOML
VHdpbGlnaHQgKGRhcmspICh0ZXJtaW5hbC5zZXh5KQ==	BUILTIN_TWILIGHT_DARK_TERMINAL_SEXY_COLOR_SCHEME_TOML
VHdpbGlnaHQgKGxpZ2h0KSAodGVybWluYWwuc2V4eSk=	BUILTIN_TWILIGHT_LIGHT_TERMINAL_SEXY_COLOR_SCHEME_TOML
VWJ1bnR1	BUILTIN_UBUNTU_COLOR_SCHEME_TOML
VWx0cmFEYXJr	BUILTIN_ULTRA_DARK_COLOR_SCHEME_TOML
VWx0cmFWaW9sZW50	BUILTIN_ULTRA_VIOLENT_COLOR_SCHEME_TOML
VW5kZXJUaGVTZWE=	BUILTIN_UNDER_THE_SEA_COLOR_SCHEME_TOML
VW5pa2l0dHk=	BUILTIN_UNIKITTY_COLOR_SCHEME_TOML
VW5pa2l0dHkgRGFyayAoYmFzZTE2KQ==	BUILTIN_UNIKITTY_DARK_BASE16_COLOR_SCHEME_TOML
VW5pa2l0dHkgTGlnaHQgKGJhc2UxNik=	BUILTIN_UNIKITTY_LIGHT_BASE16_COLOR_SCHEME_TOML
VW5pa2l0dHkgUmV2ZXJzaWJsZSAoYmFzZTE2KQ==	BUILTIN_UNIKITTY_REVERSIBLE_BASE16_COLOR_SCHEME_TOML
VW5zaWZ0ZWQgV2hlYXQgKHRlcm1pbmFsLnNleHkp	BUILTIN_UNSIFTED_WHEAT_TERMINAL_SEXY_COLOR_SCHEME_TOML
VXJhIChHb2doKQ==	BUILTIN_URA_GOGH_COLOR_SCHEME_TOML
VXJwbGU=	BUILTIN_URPLE_COLOR_SCHEME_TOML
VXJwbGUgKEdvZ2gp	BUILTIN_URPLE_GOGH_COLOR_SCHEME_TOML
VlNDb2RlRGFyaysgKEdvZ2gp	BUILTIN_VS_CODE_DARK_PLUS_GOGH_COLOR_SCHEME_TOML
VlNDb2RlTGlnaHQrIChHb2doKQ==	BUILTIN_VS_CODE_LIGHT_PLUS_GOGH_COLOR_SCHEME_TOML
VldidWcgKHRlcm1pbmFsLnNleHkp	BUILTIN_VWBUG_TERMINAL_SEXY_COLOR_SCHEME_TOML
VmFjdW91cyAyICh0ZXJtaW5hbC5zZXh5KQ==	BUILTIN_VACUOUS_2_TERMINAL_SEXY_COLOR_SCHEME_TOML
VmFnIChHb2doKQ==	BUILTIN_VAG_GOGH_COLOR_SCHEME_TOML
VmF1Z2hu	BUILTIN_VAUGHN_COLOR_SCHEME_TOML
VmF1Z2huIChHb2doKQ==	BUILTIN_VAUGHN_GOGH_COLOR_SCHEME_TOML
VmVzcGVy	BUILTIN_VESPER_COLOR_SCHEME_TOML
VmlicmFudCBJbmsgKEdvZ2gp	BUILTIN_VIBRANTINK_COLOR_SCHEME_TOML
VmlicmFudEluaw==	BUILTIN_VIBRANTINK_COLOR_SCHEME_TOML
VmljZSBBbHQgKGJhc2UxNik=	BUILTIN_VICE_ALT_BASE16_COLOR_SCHEME_TOML
VmljZSBEYXJrIChiYXNlMTYp	BUILTIN_VICE_DARK_BASE16_COLOR_SCHEME_TOML
VmlvbGV0IERhcms=	BUILTIN_VIOLET_DARK_COLOR_SCHEME_TOML
VmlvbGV0IExpZ2h0	BUILTIN_VIOLET_LIGHT_COLOR_SCHEME_TOML
VmlzaUJsdWUgKHRlcm1pbmFsLnNleHkp	BUILTIN_VISIBLUE_TERMINAL_SEXY_COLOR_SCHEME_TOML
VmlzaUJvbmUgKHRlcm1pbmFsLnNleHkp	BUILTIN_VISIBONE_TERMINAL_SEXY_COLOR_SCHEME_TOML
VmlzaWJvbmUgQWx0LiAyICh0ZXJtaW5hbC5zZXh5KQ==	BUILTIN_VISIBONE_ALT_2_TERMINAL_SEXY_COLOR_SCHEME_TOML
VnMgQ29kZSBEYXJrKyAoR29naCk=	BUILTIN_VS_CODE_DARK_PLUS_GOGH_COLOR_SCHEME_TOML
VnMgQ29kZSBMaWdodCsgKEdvZ2gp	BUILTIN_VS_CODE_LIGHT_PLUS_GOGH_COLOR_SCHEME_TOML
V2FybSBOZW9uIChHb2doKQ==	BUILTIN_WARMNEON_COLOR_SCHEME_TOML
V2FybU5lb24=	BUILTIN_WARMNEON_COLOR_SCHEME_TOML
V2Vic2l0ZSAoR29naCk=	BUILTIN_WEBSITE_GOGH_COLOR_SCHEME_TOML
V2V6	BUILTIN_WEZ_COLOR_SCHEME_TOML
V2V6IChHb2doKQ==	BUILTIN_WEZ_GOGH_COLOR_SCHEME_TOML
V2hpbXN5	BUILTIN_WHIMSY_COLOR_SCHEME_TOML
V2lsZCBDaGVycnkgKEdvZ2gp	BUILTIN_WILDCHERRY_COLOR_SCHEME_TOML
V2lsZENoZXJyeQ==	BUILTIN_WILDCHERRY_COLOR_SCHEME_TOML
V2luZG93cyAxMCAoYmFzZTE2KQ==	BUILTIN_WINDOWS_10_BASE16_COLOR_SCHEME_TOML
V2luZG93cyAxMCBMaWdodCAoYmFzZTE2KQ==	BUILTIN_WINDOWS_10_LIGHT_BASE16_COLOR_SCHEME_TOML
V2luZG93cyA5NSAoYmFzZTE2KQ==	BUILTIN_WINDOWS_95_BASE16_COLOR_SCHEME_TOML
V2luZG93cyA5NSBMaWdodCAoYmFzZTE2KQ==	BUILTIN_WINDOWS_95_LIGHT_BASE16_COLOR_SCHEME_TOML
V2luZG93cyBIaWdoIENvbnRyYXN0IChiYXNlMTYp	BUILTIN_WINDOWS_HIGH_CONTRAST_BASE16_COLOR_SCHEME_TOML
V2luZG93cyBIaWdoIENvbnRyYXN0IExpZ2h0IChiYXNlMTYp	BUILTIN_WINDOWS_HIGH_CONTRAST_LIGHT_BASE16_COLOR_SCHEME_TOML
V2luZG93cyBOVCAoYmFzZTE2KQ==	BUILTIN_WINDOWS_NT_BASE16_COLOR_SCHEME_TOML
V2luZG93cyBOVCBMaWdodCAoYmFzZTE2KQ==	BUILTIN_WINDOWS_NT_LIGHT_BASE16_COLOR_SCHEME_TOML
V29tYmF0	BUILTIN_WOMBAT_COLOR_SCHEME_TOML
V29tYmF0IChHb2doKQ==	BUILTIN_WOMBAT_GOGH_COLOR_SCHEME_TOML
V29vZGxhbmQgKGJhc2UxNik=	BUILTIN_WOODLAND_BASE16_COLOR_SCHEME_TOML
V3J5YW4=	BUILTIN_WRYAN_COLOR_SCHEME_TOML
V3J5YW4gKEdvZ2gp	BUILTIN_WRYAN_GOGH_COLOR_SCHEME_TOML
V3pvcmVjayAoR29naCk=	BUILTIN_WZORECK_GOGH_COLOR_SCHEME_TOML
WDo6RG90U2hhcmUgKHRlcm1pbmFsLnNleHkp	BUILTIN_X_DOTSHARE_TERMINAL_SEXY_COLOR_SCHEME_TOML
WDo6RXJvc2lvbiAodGVybWluYWwuc2V4eSk=	BUILTIN_X_EROSION_TERMINAL_SEXY_COLOR_SCHEME_TOML
WENvZGUgRHVzayAoYmFzZTE2KQ==	BUILTIN_XCODE_DUSK_BASE16_COLOR_SCHEME_TOML
WW91c2FpICh0ZXJtaW5hbC5zZXh5KQ==	BUILTIN_YOUSAI_TERMINAL_SEXY_COLOR_SCHEME_TOML
WmVuYnVybg==	BUILTIN_ZENBURN_COLOR_SCHEME_TOML
WmVuYnVybiAoR29naCk=	BUILTIN_ZENBURN_GOGH_COLOR_SCHEME_TOML
WmVuYnVybiAoYmFzZTE2KQ==	BUILTIN_ZENBURN_BASE16_COLOR_SCHEME_TOML
YWlrb2ZvZyAodGVybWluYWwuc2V4eSk=	BUILTIN_AIKOFOG_TERMINAL_SEXY_COLOR_SCHEME_TOML
YXJjb2lyaXM=	BUILTIN_ARCOIRIS_COLOR_SCHEME_TOML
YXN0cm9tb3VzZSAodGVybWluYWwuc2V4eSk=	BUILTIN_ASTROMOUSE_TERMINAL_SEXY_COLOR_SCHEME_TOML
YXl1	BUILTIN_AYU_COLOR_SCHEME_TOML
YXl1X2xpZ2h0	BUILTIN_AYU_LIGHT_COLOR_SCHEME_TOML
Y2FyYm9uZm94	BUILTIN_CARBONFOX_COLOR_SCHEME_TOML
Y2F0cHB1Y2Npbi1mcmFwcGU=	BUILTIN_CATPPUCCIN_FRAPPE_ALIAS_COLOR_SCHEME_TOML
Y2F0cHB1Y2Npbi1sYXR0ZQ==	BUILTIN_CATPPUCCIN_LATTE_ALIAS_COLOR_SCHEME_TOML
Y2F0cHB1Y2Npbi1tYWNjaGlhdG8=	BUILTIN_CATPPUCCIN_MACCHIATO_ALIAS_COLOR_SCHEME_TOML
Y2F0cHB1Y2Npbi1tb2NoYQ==	BUILTIN_CATPPUCCIN_MOCHA_ALIAS_COLOR_SCHEME_TOML
Y29mZmVlX3RoZW1l	BUILTIN_COFFEE_THEME_COLOR_SCHEME_TOML
Y3liZXJwdW5r	BUILTIN_CYBERPUNK_COLOR_SCHEME_TOML
ZGFya2VybWF0cml4	BUILTIN_DARKERMATRIX_COLOR_SCHEME_TOML
ZGFya21hdHJpeA==	BUILTIN_DARKMATRIX_COLOR_SCHEME_TOML
ZGFya21vc3MgKGJhc2UxNik=	BUILTIN_DARKMOSS_BASE16_COLOR_SCHEME_TOML
ZGF3bmZveA==	BUILTIN_DAWNFOX_COLOR_SCHEME_TOML
ZGF5Zm94	BUILTIN_DAYFOX_COLOR_SCHEME_TOML
ZGVlcA==	BUILTIN_DEEP_COLOR_SCHEME_TOML
ZGlydHlzZWEgKGJhc2UxNik=	BUILTIN_DIRTYSEA_BASE16_COLOR_SCHEME_TOML
ZHVja2JvbmVz	BUILTIN_DUCKBONES_COLOR_SCHEME_TOML
ZHVza2ZveA==	BUILTIN_DUSKFOX_COLOR_SCHEME_TOML
ZmFybWhvdXNlLWRhcms=	BUILTIN_FARMHOUSE_DARK_COLOR_SCHEME_TOML
ZmFybWhvdXNlLWxpZ2h0	BUILTIN_FARMHOUSE_LIGHT_COLOR_SCHEME_TOML
ZmxleG9raS1kYXJr	BUILTIN_FLEXOKI_DARK_COLOR_SCHEME_TOML
ZmxleG9raS1saWdodA==	BUILTIN_FLEXOKI_LIGHT_COLOR_SCHEME_TOML
Z29vZXkgKEdvZ2gp	BUILTIN_GOOEY_GOGH_COLOR_SCHEME_TOML
Z290aGFtIChHb2doKQ==	BUILTIN_GOTHAM_GOGH_COLOR_SCHEME_TOML
aGFyZGhhY2tlcg==	BUILTIN_HARDHACKER_COLOR_SCHEME_TOML
aHVuZCAodGVybWluYWwuc2V4eSk=	BUILTIN_HUND_TERMINAL_SEXY_COLOR_SCHEME_TOML
aVRlcm0yIERhcmsgQmFja2dyb3VuZA==	BUILTIN_ITERM2_DARK_BACKGROUND_COLOR_SCHEME_TOML
aVRlcm0yIERlZmF1bHQ=	BUILTIN_ITERM2_DEFAULT_COLOR_SCHEME_TOML
aVRlcm0yIExpZ2h0IEJhY2tncm91bmQ=	BUILTIN_ITERM2_LIGHT_BACKGROUND_COLOR_SCHEME_TOML
aVRlcm0yIFBhc3RlbCBEYXJrIEJhY2tncm91bmQ=	BUILTIN_ITERM2_PASTEL_DARK_BACKGROUND_COLOR_SCHEME_TOML
aVRlcm0yIFNtb29vb290aA==	BUILTIN_ITERM2_SMOOOOOTH_COLOR_SCHEME_TOML
aVRlcm0yIFNvbGFyaXplZCBEYXJr	BUILTIN_SOLARIZED_DARK_COLOR_SCHEME_TOML
aVRlcm0yIFNvbGFyaXplZCBMaWdodA==	BUILTIN_SOLARIZED_LIGHT_COLOR_SCHEME_TOML
aVRlcm0yIFRhbmdvIERhcms=	BUILTIN_ITERM2_TANGO_DARK_COLOR_SCHEME_TOML
aVRlcm0yIFRhbmdvIExpZ2h0	BUILTIN_ITERM2_TANGO_LIGHT_COLOR_SCHEME_TOML
aWJtMzI3MCAoR29naCk=	BUILTIN_IBM3270_GOGH_COLOR_SCHEME_TOML
aWNlYmVyZy1kYXJr	BUILTIN_ICEBERG_DARK_COLOR_SCHEME_TOML
aWNlYmVyZy1saWdodA==	BUILTIN_ICEBERG_LIGHT_COLOR_SCHEME_TOML
aWRlYQ==	BUILTIN_IDEA_COLOR_SCHEME_TOML
aWRsZVRvZXM=	BUILTIN_IDLETOES_COLOR_SCHEME_TOML
am1iaSAodGVybWluYWwuc2V4eSk=	BUILTIN_JMBI_TERMINAL_SEXY_COLOR_SCHEME_TOML
anViaQ==	BUILTIN_JUBI_COLOR_SCHEME_TOML
a2FuYWdhd2EgKEdvZ2gp	BUILTIN_KANAGAWA_GOGH_COLOR_SCHEME_TOML
a2FuYWdhd2Fib25lcw==	BUILTIN_KANAGAWABONES_COLOR_SCHEME_TOML
a29rdWJhbiAoR29naCk=	BUILTIN_KOKUBAN_GOGH_COLOR_SCHEME_TOML
a3Vyb2t1bGE=	BUILTIN_KUROKULA_COLOR_SCHEME_TOML
bGFzZXJ3YXZlIChHb2doKQ==	BUILTIN_LASERWAVE_GOGH_COLOR_SCHEME_TOML
bG92ZWxhY2U=	BUILTIN_LOVELACE_COLOR_SCHEME_TOML
bWF0cml4	BUILTIN_MATRIX_COLOR_SCHEME_TOML
bWlkbmlnaHQtaW4tbW9qYXZl	BUILTIN_MIDNIGHT_IN_MOJAVE_COLOR_SCHEME_TOML
bW9uby1hbWJlciAoR29naCk=	BUILTIN_MONO_AMBER_GOGH_COLOR_SCHEME_TOML
bW9uby1jeWFuIChHb2doKQ==	BUILTIN_MONO_CYAN_GOGH_COLOR_SCHEME_TOML
bW9uby1ncmVlbiAoR29naCk=	BUILTIN_MONO_GREEN_GOGH_COLOR_SCHEME_TOML
bW9uby1yZWQgKEdvZ2gp	BUILTIN_MONO_RED_GOGH_COLOR_SCHEME_TOML
bW9uby13aGl0ZSAoR29naCk=	BUILTIN_MONO_WHITE_GOGH_COLOR_SCHEME_TOML
bW9uby15ZWxsb3cgKEdvZ2gp	BUILTIN_MONO_YELLOW_GOGH_COLOR_SCHEME_TOML
bmVvYm9uZXNfZGFyaw==	BUILTIN_NEOBONES_DARK_COLOR_SCHEME_TOML
bmVvYm9uZXNfbGlnaHQ=	BUILTIN_NEOBONES_LIGHT_COLOR_SCHEME_TOML
bmVvbi1uaWdodCAoR29naCk=	BUILTIN_NEON_NIGHT_GOGH_COLOR_SCHEME_TOML
bmlnaHRmb3g=	BUILTIN_NIGHTFOX_COLOR_SCHEME_TOML
bmlnaHR5IChHb2doKQ==	BUILTIN_NIGHTY_GOGH_COLOR_SCHEME_TOML
bmlqaQ==	BUILTIN_NIJI_COLOR_SCHEME_TOML
bm9yZA==	BUILTIN_NORD_COLOR_SCHEME_TOML
bm9yZC1saWdodA==	BUILTIN_NORD_LIGHT_COLOR_SCHEME_TOML
bm9yZGZveA==	BUILTIN_NORDFOX_COLOR_SCHEME_TOML
cGFsZW5pZ2h0IChHb2doKQ==	BUILTIN_PALENIGHT_GOGH_COLOR_SCHEME_TOML
cGlua3kgKGJhc2UxNik=	BUILTIN_PINKY_BASE16_COLOR_SCHEME_TOML
cHJpbWFyeQ==	BUILTIN_PRIMARY_COLOR_SCHEME_TOML
cHVycGxlcGV0ZXI=	BUILTIN_PURPLEPETER_COLOR_SCHEME_TOML
cmViZWNjYQ==	BUILTIN_REBECCA_COLOR_SCHEME_TOML
cm9zZS1waW5l	BUILTIN_ROSE_PINE_COLOR_SCHEME_TOML
cm9zZS1waW5lLWRhd24=	BUILTIN_ROSE_PINE_DAWN_COLOR_SCHEME_TOML
cm9zZS1waW5lLW1vb24=	BUILTIN_ROSE_PINE_MOON_COLOR_SCHEME_TOML
czNyMCBtb2RpZmllZCAodGVybWluYWwuc2V4eSk=	BUILTIN_S3R0_MODIFIED_TERMINAL_SEXY_COLOR_SCHEME_TOML
c2VvdWxib25lc19kYXJr	BUILTIN_SEOULBONES_DARK_COLOR_SCHEME_TOML
c2VvdWxib25lc19saWdodA==	BUILTIN_SEOULBONES_LIGHT_COLOR_SCHEME_TOML
c2hhZGVzLW9mLXB1cnBsZQ==	BUILTIN_SHADES_OF_PURPLE_COLOR_SCHEME_TOML
c3VtbWVyLXBvcCAoR29naCk=	BUILTIN_SUMMER_POP_GOGH_COLOR_SCHEME_TOML
c3VtbWVyY2FtcCAoYmFzZTE2KQ==	BUILTIN_SUMMERCAMP_BASE16_COLOR_SCHEME_TOML
c3dlZXQtZWxpdmVybGFyYSAoR29naCk=	BUILTIN_SWEET_ELIVERLARA_GOGH_COLOR_SCHEME_TOML
c3ludGh3YXZl	BUILTIN_SYNTHWAVE_COLOR_SCHEME_TOML
c3ludGh3YXZlLWV2ZXJ5dGhpbmc=	BUILTIN_SYNTHWAVE_EVERYTHING_COLOR_SCHEME_TOML
dGVuZGVyIChiYXNlMTYp	BUILTIN_TENDER_BASE16_COLOR_SCHEME_TOML
dGVyYWZveA==	BUILTIN_TERAFOX_COLOR_SCHEME_TOML
dGhlbWUyICh0ZXJtaW5hbC5zZXh5KQ==	BUILTIN_THEME2_TERMINAL_SEXY_COLOR_SCHEME_TOML
dGh3dW1wICh0ZXJtaW5hbC5zZXh5KQ==	BUILTIN_THWUMP_TERMINAL_SEXY_COLOR_SCHEME_TOML
dGxoICh0ZXJtaW5hbC5zZXh5KQ==	BUILTIN_TLH_TERMINAL_SEXY_COLOR_SCHEME_TOML
dG9reW9uaWdodA==	BUILTIN_TOKYONIGHT_UNDERSCORE_NIGHT_COLOR_SCHEME_TOML
dG9reW9uaWdodC1kYXk=	BUILTIN_TOKYONIGHT_UNDERSCORE_DAY_COLOR_SCHEME_TOML
dG9reW9uaWdodC1zdG9ybQ==	BUILTIN_TOKYONIGHT_UNDERSCORE_STORM_COLOR_SCHEME_TOML
dG9reW9uaWdodF9kYXk=	BUILTIN_TOKYONIGHT_UNDERSCORE_DAY_COLOR_SCHEME_TOML
dG9reW9uaWdodF9tb29u	BUILTIN_TOKYONIGHT_UNDERSCORE_MOON_COLOR_SCHEME_TOML
dG9reW9uaWdodF9uaWdodA==	BUILTIN_TOKYONIGHT_UNDERSCORE_NIGHT_COLOR_SCHEME_TOML
dG9reW9uaWdodF9zdG9ybQ==	BUILTIN_TOKYONIGHT_UNDERSCORE_STORM_COLOR_SCHEME_TOML
dmltYm9uZXM=	BUILTIN_VIMBONES_COLOR_SCHEME_TOML
dnVsY2FuIChiYXNlMTYp	BUILTIN_VULCAN_BASE16_COLOR_SCHEME_TOML
d2lsbWVyc2RvcmY=	BUILTIN_WILMERSDORF_COLOR_SCHEME_TOML
emVuYm9uZXM=	BUILTIN_ZENBONES_COLOR_SCHEME_TOML
emVuYm9uZXNfZGFyaw==	BUILTIN_ZENBONES_DARK_COLOR_SCHEME_TOML
emVuYm9uZXNfbGlnaHQ=	BUILTIN_ZENBONES_COLOR_SCHEME_TOML
emVuYnVybiAodGVybWluYWwuc2V4eSk=	BUILTIN_ZENBURN_TERMINAL_SEXY_COLOR_SCHEME_TOML
emVuYnVybmVk	BUILTIN_ZENBURNED_COLOR_SCHEME_TOML
emVud3JpdHRlbl9kYXJr	BUILTIN_ZENWRITTEN_DARK_COLOR_SCHEME_TOML
emVud3JpdHRlbl9saWdodA==	BUILTIN_ZENWRITTEN_LIGHT_COLOR_SCHEME_TOML
